TEAM,RA FGM,RA FGA,RA FG%,PAINT FGM,PAINT FGA,PAINT FG%,MIDRANGE FGM,MIDRANGE FGA,MIDRANGE FG%,LEFT CORNER FGM,LEFT CORNER FGA,LEFT CORNER FG%,RIGHT CORNER FGM,RIGHT CORNER FGA,RIGHT CORNER FG%,CORNER 3 FGM,CORNER 3 FGA,CORNER 3 FG%,ATB 3 FGM,ATB FGA,ATB FG%,YEAR,SEASON WIN PCT,PLAYOFFS
Atlanta Hawks,746,1206,61.9,313,756,41.4,174,399,43.6,64,134,47.8,66,198,33.3,130,332,39.2,436,1220,35.7,2021,0.511,1
Boston Celtics,710,1076,66,337,792,42.6,243,581,41.8,68,158,43,53,142,37.3,121,300,40.3,461,1225,37.6,2021,0.489,1
Brooklyn Nets,815,1220,66.8,317,686,46.2,200,438,45.7,68,157,43.3,85,228,37.3,153,385,39.7,508,1289,39.4,2021,0.674,1
Charlotte Hornets,765,1279,59.8,252,599,42.1,151,378,39.9,77,185,41.6,74,168,44,151,353,42.8,467,1242,37.6,2021,0.523,1
Chicago Bulls,795,1227,64.8,279,639,43.7,204,489,41.7,104,222,46.8,69,167,41.3,173,389,44.5,378,1070,35.3,2021,0.442,0
Cleveland Cavaliers,839,1413,59.4,364,870,41.8,135,380,35.5,56,166,33.7,53,138,38.4,109,304,35.9,311,932,33.4,2021,0.378,0
Dallas Mavericks,672,1007,66.7,267,612,43.6,227,480,47.3,62,164,37.8,60,173,34.7,122,337,36.2,463,1281,36.1,2021,0.535,1
Denver Nuggets,755,1129,66.9,346,750,46.1,261,595,43.9,79,182,43.4,78,164,47.6,157,346,45.4,444,1202,36.9,2021,0.6,1
Detroit Pistons,783,1252,62.5,223,616,36.2,143,395,36.2,73,206,35.4,53,159,33.3,126,365,34.5,411,1168,35.2,2021,0.267,0
Golden State Warriors,770,1178,65.4,280,662,42.3,199,518,38.4,84,212,39.6,83,200,41.5,167,412,40.5,465,1288,36.1,2021,0.478,0
Houston Rockets,827,1304,63.4,183,488,37.5,94,325,28.9,87,241,36.1,69,217,31.8,156,458,34.1,428,1312,32.6,2021,0.289,0
Indiana Pacers,914,1492,61.3,245,567,43.2,146,369,39.6,80,186,43,59,149,39.6,139,335,41.5,414,1180,35.1,2021,0.477,0
LA Clippers,651,971,67,318,734,43.3,294,696,42.2,126,252,50,104,220,47.3,230,472,48.7,433,1112,38.9,2021,0.652,1
Los Angeles Lakers,931,1364,68.3,262,619,42.3,219,581,37.7,66,197,33.5,73,175,41.7,139,372,37.4,350,1016,34.4,2021,0.63,1
Memphis Grizzlies,711,1130,62.9,468,1081,43.3,166,391,42.5,89,222,40.1,53,148,35.8,142,370,38.4,301,894,33.7,2021,0.5,0
Miami Heat,761,1101,69.1,252,610,41.3,176,469,37.5,67,211,31.8,70,194,36.1,137,405,33.8,445,1269,35.1,2021,0.478,1
Milwaukee Bucks,821,1198,68.5,251,591,42.5,240,590,40.7,73,169,43.2,84,205,41,157,374,42,495,1282,38.6,2021,0.644,1
Minnesota Timberwolves,862,1431,60.2,246,642,38.3,149,420,35.5,86,225,38.2,56,161,34.8,142,386,36.8,419,1231,34,2021,0.239,0
New Orleans Pelicans,965,1481,65.2,210,538,39,219,475,46.1,62,173,35.8,60,162,37,122,335,36.4,371,1044,35.5,2021,0.432,0
New York Knicks,736,1239,59.4,297,751,39.5,241,611,39.4,76,186,40.9,73,185,39.5,149,371,40.2,330,904,36.5,2021,0.522,1
Oklahoma City Thunder,744,1220,61,267,633,42.2,148,369,40.1,79,204,38.7,52,137,38,131,341,38.4,434,1268,34.2,2021,0.432,0
Orlando Magic,544,901,60.4,330,827,39.9,324,788,41.1,63,165,38.2,35,92,38,98,257,38.1,444,1250,35.5,2021,0.333,0
Philadelphia 76ers,706,1124,62.8,385,814,47.3,308,678,45.4,59,178,33.1,86,188,45.7,145,366,39.6,345,952,36.2,2021,0.711,1
Phoenix Suns,647,969,66.8,343,677,50.7,320,694,46.1,98,216,45.4,94,210,44.8,192,426,45.1,381,1080,35.3,2021,0.682,1
Portland Trail Blazers,651,1072,60.7,162,457,35.4,269,622,43.2,60,148,40.5,61,192,31.8,121,340,35.6,612,1578,38.8,2021,0.6,1
Sacramento Kings,796,1177,67.6,424,920,46.1,179,435,41.1,91,207,44,61,148,41.2,152,355,42.8,388,1119,34.7,2021,0.444,0
San Antonio Spurs,676,1099,61.5,277,710,39,328,734,44.7,57,151,37.7,51,129,39.5,108,280,38.6,338,957,35.3,2021,0.524,1
Toronto Raptors,742,1227,60.5,197,524,37.6,144,379,38,89,223,39.9,83,202,41.1,172,425,40.5,522,1411,37,2021,0.4,0
Utah Jazz,643,1000,64.3,322,726,44.4,104,278,37.4,109,257,42.4,109,261,41.8,218,518,42.1,528,1357,38.9,2021,0.75,1
Washington Wizards,653,989,66,387,811,47.7,277,685,40.4,63,174,36.2,46,140,32.9,109,314,34.7,356,1029,34.6,2021,0.364,0
Atlanta Hawks,1255,1958,64.1,434,1098,39.5,229,597,38.4,90,245,36.7,86,275,31.3,176,520,33.8,629,1882,33.4,2020,0.299,0
Boston Celtics,1302,2087,62.4,417,1059,39.4,347,814,42.6,112,266,42.1,73,215,34,185,481,38.5,720,1985,36.3,2020,0.667,1
Brooklyn Nets,1448,2339,61.9,336,913,36.8,185,504,36.7,118,306,38.6,116,318,36.5,234,624,37.5,705,2105,33.5,2020,0.486,1
Charlotte Hornets,1162,1962,59.2,348,985,35.3,131,409,32,104,256,40.6,82,221,37.1,186,477,39,598,1739,34.4,2020,0.354,0
Chicago Bulls,1293,2148,60.2,315,839,37.5,173,493,35.1,128,330,38.8,77,204,37.7,205,534,38.4,587,1736,33.8,2020,0.338,0
Cleveland Cavaliers,1147,1889,60.7,454,1053,43.1,291,707,41.2,89,226,39.4,80,195,41,169,421,40.1,558,1638,34.1,2020,0.292,0
Dallas Mavericks,1263,1875,67.4,418,1064,39.3,308,744,41.4,118,303,38.9,154,367,42,272,670,40.6,863,2400,36,2020,0.573,1
Denver Nuggets,1356,2074,65.4,461,1160,39.7,454,1028,44.2,111,271,41,92,231,39.8,203,502,40.4,595,1706,34.9,2020,0.63,1
Detroit Pistons,1203,1918,62.7,389,1046,37.2,214,542,39.5,138,312,44.2,129,324,39.8,267,636,42,521,1503,34.7,2020,0.303,0
Golden State Warriors,1029,1645,62.6,394,1026,38.4,409,1028,39.8,86,209,41.1,71,189,37.6,157,398,39.4,521,1622,32.1,2020,0.231,0
Houston Rockets,1398,2180,64.1,253,677,37.4,161,398,40.5,157,390,40.3,163,447,36.5,320,837,38.2,804,2410,33.4,2020,0.611,1
Indiana Pacers,1352,2160,62.6,448,986,45.4,532,1265,42.1,103,281,36.7,91,210,43.3,194,491,39.5,549,1545,35.5,2020,0.616,1
LA Clippers,1277,2007,63.6,441,1045,42.2,383,970,39.5,128,315,40.6,128,326,39.3,256,641,39.9,635,1751,36.3,2020,0.681,1
Los Angeles Lakers,1564,2266,69,310,812,38.2,350,951,36.8,138,310,44.5,111,305,36.4,249,615,40.5,533,1615,33,2020,0.732,1
Memphis Grizzlies,1358,2120,64.1,681,1523,44.7,270,696,38.8,98,253,38.7,95,260,36.5,193,513,37.6,604,1770,34.1,2020,0.466,0
Miami Heat,1214,1815,66.9,387,945,41,300,817,36.7,130,310,41.9,113,328,34.5,243,638,38.1,736,1926,38.2,2020,0.603,1
Milwaukee Bucks,1422,2106,67.5,377,927,40.7,356,767,46.4,122,306,39.9,113,303,37.3,235,609,38.6,770,2220,34.7,2020,0.767,1
Minnesota Timberwolves,1268,2038,62.2,305,870,35.1,160,419,38.2,84,249,33.7,69,208,33.2,153,457,33.5,699,2070,33.8,2020,0.297,0
New Orleans Pelicans,1462,2302,63.5,332,885,37.5,291,757,38.4,127,340,37.4,139,320,43.4,266,660,40.3,714,1975,36.2,2020,0.417,0
New York Knicks,1250,2058,60.7,354,913,38.8,406,1058,38.4,83,235,35.3,67,175,38.3,150,410,36.6,478,1450,33,2020,0.318,0
Oklahoma City Thunder,1186,1851,64.1,459,1147,40,464,990,46.9,87,244,35.7,69,205,33.7,156,449,34.7,613,1700,36.1,2020,0.611,1
Orlando Magic,1212,1919,63.2,445,1108,40.2,407,1089,37.4,100,237,42.2,41,126,32.5,141,363,38.8,665,1964,33.9,2020,0.452,1
Philadelphia 76ers,1277,1962,65.1,457,1103,41.4,418,1047,39.9,107,252,42.5,88,227,38.8,195,479,40.7,653,1815,36,2020,0.589,1
Phoenix Suns,1342,2107,63.7,401,968,41.4,433,1039,41.7,105,286,36.7,111,291,38.1,216,577,37.4,614,1730,35.5,2020,0.466,0
Portland Trail Blazers,1239,2050,60.4,413,982,42.1,519,1195,43.4,97,226,42.9,110,267,41.2,207,493,42,744,2017,36.9,2020,0.473,1
Sacramento Kings,1227,1910,64.2,465,1128,41.2,336,814,41.3,122,301,40.5,103,272,37.9,225,573,39.3,689,1931,35.7,2020,0.431,0
San Antonio Spurs,1059,1646,64.3,489,1130,43.3,687,1554,44.2,96,245,39.2,83,196,42.3,179,441,40.6,581,1566,37.1,2020,0.451,0
Toronto Raptors,1375,2250,61.1,308,808,38.1,220,615,35.8,124,320,38.8,111,294,37.8,235,614,38.3,759,2032,37.4,2020,0.736,1
Utah Jazz,1213,1857,65.3,483,1194,40.5,228,544,41.9,131,333,39.3,158,371,42.6,289,704,41.1,672,1811,37.1,2020,0.611,1
Washington Wizards,,,,,,,,,,,,,,,,,,,,,,,0.347,0
Atlanta Hawks,1676,2744,61.1,421,1113,37.8,231,636,36.3,137,367,37.3,179,441,40.6,316,808,39.1,748,2203,34,2019,0.354,0
Boston Celtics,1371,2129,64.4,465,1089,42.7,583,1378,42.3,123,294,41.8,87,308,28.2,210,602,34.9,822,2218,37.1,2019,0.598,1
Brooklyn Nets,1548,2528,61.2,451,1200,37.6,261,672,38.8,109,283,38.5,109,304,35.9,218,587,37.1,822,2357,34.9,2019,0.512,1
Charlotte Hornets,1440,2424,59.4,478,1169,40.9,402,989,40.6,114,311,36.7,118,260,45.4,232,571,40.6,743,2172,34.2,2019,0.476,0
Chicago Bulls,1503,2503,60,579,1394,41.5,441,1190,37.1,111,285,38.9,84,201,41.8,195,486,40.1,548,1618,33.9,2019,0.268,0
Cleveland Cavaliers,1322,2214,59.7,502,1303,38.5,519,1281,40.5,118,296,39.9,73,228,32,191,524,36.5,655,1851,35.4,2019,0.232,0
Dallas Mavericks,1405,2163,65,421,1078,39.1,334,882,37.9,116,294,39.5,119,317,37.5,235,611,38.5,786,2362,33.3,2019,0.402,0
Denver Nuggets,1504,2377,63.3,634,1463,43.3,404,983,41.1,111,288,38.5,95,231,41.1,206,519,39.7,690,2025,34.1,2019,0.659,1
Detroit Pistons,1387,2284,60.7,451,1219,37,355,883,40.2,157,410,38.3,132,349,37.8,289,759,38.1,703,2064,34.1,2019,0.5,1
Golden State Warriors,1381,2038,67.8,392,896,43.8,752,1604,46.9,135,314,43,113,269,42,248,583,42.5,837,2221,37.7,2019,0.695,1
Houston Rockets,1381,2166,63.8,345,885,39,171,396,43.2,142,384,37,203,551,36.8,345,935,36.9,975,2773,35.2,2019,0.646,1
Indiana Pacers,1552,2489,62.4,451,1058,42.6,609,1510,40.3,124,286,43.4,92,218,42.2,216,504,42.9,561,1564,35.9,2019,0.585,1
LA Clippers,1543,2548,60.6,558,1363,40.9,464,1156,40.1,107,269,39.8,86,199,43.2,193,468,41.2,626,1627,38.5,2019,0.585,1
Los Angeles Lakers,1899,2938,64.6,381,1034,36.8,364,915,39.8,97,285,34,100,281,35.6,197,566,34.8,650,1961,33.1,2019,0.451,0
Memphis Grizzlies,1340,2166,61.9,560,1369,40.9,403,1021,39.5,111,298,37.2,96,278,34.5,207,576,35.9,603,1778,33.9,2019,0.402,0
Miami Heat,1499,2395,62.6,507,1271,39.9,317,898,35.3,170,405,42,104,323,32.2,274,728,37.6,653,1910,34.2,2019,0.476,0
Milwaukee Bucks,1850,2793,66.2,335,861,38.9,265,686,38.6,115,309,37.2,127,325,39.1,242,634,38.2,863,2489,34.7,2019,0.732,1
Minnesota Timberwolves,1515,2410,62.9,515,1310,39.3,561,1414,39.7,109,280,38.9,98,260,37.7,207,540,38.3,615,1794,34.3,2019,0.439,0
New Orleans Pelicans,1762,2723,64.7,625,1441,43.4,358,958,37.4,104,274,38,82,257,31.9,186,531,35,650,1898,34.2,2019,0.402,0
New York Knicks,1423,2456,57.9,383,1027,37.3,508,1344,37.8,70,207,33.8,80,228,35.1,150,435,34.5,670,1972,34,2019,0.207,0
Oklahoma City Thunder,1722,2785,61.8,402,1087,37,442,1162,38,118,338,34.9,153,383,39.9,271,721,37.6,658,1930,34.1,2019,0.598,1
Orlando Magic,1337,2092,63.9,468,1152,40.6,575,1432,40.2,123,333,36.9,79,197,40.1,202,530,38.1,734,2078,35.3,2019,0.512,1
Philadelphia 76ers,1555,2361,65.9,470,1167,40.3,495,1236,40,77,187,41.2,99,280,35.4,176,467,37.7,711,1991,35.7,2019,0.622,1
Phoenix Suns,1506,2384,63.2,534,1241,43,460,1142,40.3,100,293,34.1,96,296,32.4,196,589,33.3,592,1794,33,2019,0.232,0
Portland Trail Blazers,1617,2678,60.4,404,981,41.2,545,1251,43.6,82,211,38.9,65,196,33.2,147,407,36.1,757,2102,36,2019,0.646,1
Sacramento Kings,1552,2464,63,574,1468,39.1,490,1252,39.1,111,277,40.1,95,244,38.9,206,521,39.5,719,1915,37.5,2019,0.476,0
San Antonio Spurs,1146,1759,65.2,627,1380,45.4,883,2039,43.3,92,204,45.1,102,221,46.2,194,425,45.6,618,1630,37.9,2019,0.585,1
Toronto Raptors,1501,2349,63.9,487,1135,42.9,458,1053,43.5,171,403,42.4,166,388,42.8,337,791,42.6,677,1962,34.5,2019,0.707,1
Utah Jazz,1656,2544,65.1,385,1023,37.6,280,724,38.7,168,424,39.6,149,414,36,317,838,37.8,675,1934,34.9,2019,0.61,1
Washington Wizards,1681,2523,66.6,371,944,39.3,475,1189,39.9,97,303,32,132,324,40.7,229,627,36.5,700,2092,33.5,2019,0.39,0
Atlanta Hawks,1346,2214,60.8,347,965,36,523,1298,40.3,141,356,39.6,140,304,46.1,281,660,42.6,633,1856,34.1,2018,0.293,0
Boston Celtics,1227,2072,59.2,405,1068,37.9,572,1346,42.5,119,279,42.7,109,275,39.6,228,554,41.2,709,1917,37,2018,0.671,1
Brooklyn Nets,1343,2177,61.7,454,1195,38,299,823,36.3,118,325,36.3,113,301,37.5,231,626,36.9,809,2281,35.5,2018,0.341,0
Charlotte Hornets,1329,2172,61.2,464,1156,40.1,580,1546,37.5,68,191,35.6,64,171,37.4,132,362,36.5,692,1849,37.4,2018,0.439,0
Chicago Bulls,1252,2114,59.2,460,1166,39.5,552,1458,37.9,96,253,37.9,88,237,37.1,184,490,37.6,722,2042,35.4,2018,0.329,0
Cleveland Cavaliers,1523,2222,68.5,291,788,36.9,518,1309,39.6,147,357,41.2,141,342,41.2,288,699,41.2,691,1919,36,2018,0.61,1
Dallas Mavericks,1189,1910,62.3,403,1016,39.7,570,1429,39.9,104,265,39.2,93,204,45.6,197,469,42,769,2198,35,2018,0.293,0
Denver Nuggets,1489,2349,63.4,520,1263,41.2,390,958,40.7,89,226,39.4,100,220,45.5,189,446,42.4,750,2060,36.4,2018,0.561,0
Detroit Pistons,1316,2125,61.9,470,1326,35.4,536,1309,40.9,100,266,37.6,123,300,41,223,566,39.4,662,1784,37.1,2018,0.476,0
Golden State Warriors,1395,2043,68.3,413,920,44.9,776,1650,47,87,222,39.2,72,175,41.1,159,397,40.1,766,1943,39.4,2018,0.707,1
Houston Rockets,1418,2207,64.3,251,667,37.6,250,563,44.4,156,385,40.5,168,433,38.8,324,818,39.6,930,2634,35.3,2018,0.793,1
Indiana Pacers,1407,2262,62.2,426,1001,42.6,772,1812,42.6,91,242,37.6,104,216,48.1,195,458,42.6,545,1529,35.6,2018,0.585,1
LA Clippers,1701,2698,63,440,1123,39.2,384,988,38.9,97,290,33.4,75,213,35.2,172,503,34.2,604,1677,36,2018,0.512,0
Los Angeles Lakers,1694,2657,63.8,432,1146,37.7,392,1065,36.8,85,222,38.3,76,188,40.4,161,410,39.3,659,1953,33.7,2018,0.427,0
Memphis Grizzlies,1386,2321,59.7,349,989,35.3,522,1328,39.3,79,230,34.3,71,197,36,150,427,35.1,606,1697,35.7,2018,0.268,0
Miami Heat,1424,2241,63.5,418,1067,39.2,439,1184,37.1,109,300,36.3,149,369,40.4,258,669,38.6,645,1819,35.5,2018,0.537,1
Milwaukee Bucks,1526,2365,64.5,416,1006,41.4,598,1415,42.3,96,244,39.3,126,302,41.7,222,546,40.7,495,1463,33.8,2018,0.537,1
Minnesota Timberwolves,1390,2108,65.9,628,1402,44.8,690,1712,40.3,106,276,38.4,69,165,41.8,175,441,39.7,482,1388,34.7,2018,0.573,1
New Orleans Pelicans,1573,2419,65,575,1246,46.1,516,1267,40.7,120,305,39.3,109,271,40.2,229,576,39.8,607,1719,35.3,2018,0.585,1
New York Knicks,1384,2210,62.6,531,1219,43.6,746,1849,40.3,103,239,43.1,56,152,36.8,159,391,40.7,514,1504,34.2,2018,0.354,0
Oklahoma City Thunder,1496,2423,61.7,305,763,40,592,1547,38.3,105,283,37.1,124,332,37.3,229,615,37.2,649,1852,35,2018,0.585,1
Orlando Magic,1398,2132,65.6,471,1281,36.8,470,1230,38.2,106,278,38.1,58,173,33.5,164,451,36.4,678,1938,35,2018,0.305,0
Philadelphia 76ers,1488,2215,67.2,447,1204,37.1,513,1235,41.5,62,180,34.4,92,211,43.6,154,391,39.4,747,2033,36.7,2018,0.634,1
Phoenix Suns,1469,2444,60.1,420,1113,37.7,501,1297,38.6,106,274,38.7,76,230,33,182,504,36.1,581,1767,32.9,2018,0.256,0
Portland Trail Blazers,1320,2273,58.1,445,1100,40.5,612,1451,42.2,83,222,37.4,80,202,39.6,163,424,38.4,682,1880,36.3,2018,0.598,1
Sacramento Kings,1218,1969,61.9,566,1465,38.6,660,1670,39.5,93,244,38.1,81,179,45.3,174,423,41.1,561,1511,37.1,2018,0.329,0
San Antonio Spurs,1295,2029,63.8,500,1251,40,713,1746,40.8,96,242,39.7,95,233,40.8,191,475,40.2,503,1482,33.9,2018,0.573,1
Toronto Raptors,1542,2374,65,452,1079,41.9,423,1016,41.6,144,393,36.6,127,297,42.8,271,690,39.3,694,1991,34.9,2018,0.72,1
Utah Jazz,1411,2190,64.4,408,1086,37.6,434,1098,39.5,152,366,41.5,137,326,42,289,692,41.8,597,1717,34.8,2018,0.585,1
Washington Wizards,1239,1940,63.9,494,1172,42.2,728,1737,41.9,75,214,35,91,222,41,166,436,38.1,648,1717,37.7,2018,0.524,1
Atlanta Hawks,1462,2441,59.9,290,783,37,642,1557,41.2,83,239,34.7,113,273,41.4,196,512,38.3,532,1608,33.1,2017,0.524,1
Boston Celtics,1364,2237,61,349,836,41.7,470,1163,40.4,116,299,38.8,135,321,42.1,251,620,40.5,732,2098,34.9,2017,0.646,1
Brooklyn Nets,1439,2435,59.1,443,1045,42.4,343,915,37.5,102,300,34,114,274,41.6,216,574,37.6,660,1995,33.1,2017,0.244,0
Charlotte Hornets,1250,2092,59.8,385,946,40.7,634,1615,39.3,67,184,36.4,55,142,38.7,122,326,37.4,701,2003,35,2017,0.439,0
Chicago Bulls,1306,2212,59,468,1091,42.9,772,2007,38.5,130,290,44.8,91,252,36.1,221,542,40.8,402,1277,31.5,2017,0.5,1
Cleveland Cavaliers,1349,2084,64.7,270,704,38.4,589,1395,42.2,192,439,43.7,159,405,39.3,351,844,41.6,714,1922,37.1,2017,0.622,1
Dallas Mavericks,941,1522,61.8,403,897,44.9,746,1858,40.2,91,242,37.6,96,262,36.6,187,504,37.1,690,1951,35.4,2017,0.402,0
Denver Nuggets,1609,2653,60.6,434,969,44.8,464,1207,38.4,95,269,35.3,81,195,41.5,176,464,37.9,694,1878,37,2017,0.488,0
Detroit Pistons,1212,1972,61.5,557,1366,40.8,869,2029,42.8,81,206,39.3,68,186,36.6,149,392,38,480,1489,32.2,2017,0.451,0
Golden State Warriors,1559,2328,67,353,807,43.7,638,1443,44.2,111,258,43,114,289,39.4,225,547,41.1,755,1983,38.1,2017,0.817,1
Houston Rockets,1647,2549,64.6,268,718,37.3,209,579,36.1,117,311,37.6,147,372,39.5,264,683,38.7,914,2602,35.1,2017,0.671,1
Indiana Pacers,1206,1979,60.9,511,1142,44.7,795,1925,41.3,114,292,39,91,214,42.5,205,506,40.5,494,1348,36.6,2017,0.512,1
LA Clippers,1355,2114,64.1,282,717,39.3,764,1744,43.8,107,246,43.5,92,235,39.1,199,481,41.4,631,1716,36.8,2017,0.622,1
Los Angeles Lakers,1455,2403,60.5,502,1244,40.4,537,1407,38.2,95,253,37.5,87,233,37.3,182,486,37.4,539,1584,34,2017,0.317,0
Memphis Grizzlies,1235,2188,56.4,424,1058,40.1,558,1439,38.8,92,218,42.2,83,214,38.8,175,432,40.5,590,1702,34.7,2017,0.524,1
Miami Heat,1363,2233,61,488,1162,42,543,1429,38,142,335,42.4,133,348,38.2,275,683,40.3,531,1510,35.2,2017,0.5,0
Milwaukee Bucks,1602,2566,62.4,392,996,39.4,468,1207,38.8,98,271,36.2,122,297,41.1,220,568,38.7,493,1352,36.5,2017,0.512,1
Minnesota Timberwolves,1437,2300,62.5,435,996,43.7,762,1903,40,104,270,38.5,78,199,39.2,182,469,38.8,419,1242,33.7,2017,0.378,0
New Orleans Pelicans,1346,2224,60.5,463,1092,42.4,633,1618,39.1,106,272,39,81,224,36.2,187,496,37.7,579,1684,34.4,2017,0.415,0
New York Knicks,1305,2283,57.2,351,873,40.2,884,2078,42.5,106,254,41.7,96,223,43,202,477,42.3,501,1520,33,2017,0.378,0
Oklahoma City Thunder,1622,2701,60.1,423,979,43.2,500,1371,36.5,92,253,36.4,98,295,33.2,190,548,34.7,499,1550,32.2,2017,0.573,1
Orlando Magic,1245,2065,60.3,486,1164,41.8,707,1764,40.1,63,218,28.9,60,191,31.4,123,409,30.1,577,1704,33.9,2017,0.354,0
Philadelphia 76ers,1465,2405,60.9,353,915,38.6,439,1229,35.7,96,220,43.6,69,186,37.1,165,406,40.6,660,2015,32.8,2017,0.341,0
Phoenix Suns,1477,2433,60.7,469,1114,42.1,709,1859,38.1,88,268,32.8,80,247,32.4,168,515,32.6,447,1317,33.9,2017,0.293,0
Portland Trail Blazers,1333,2311,57.7,404,944,42.8,654,1532,42.7,80,232,34.5,95,234,40.6,175,466,37.6,675,1787,37.8,2017,0.5,1
Sacramento Kings,1302,2120,61.4,462,1136,40.7,604,1518,39.8,95,242,39.3,103,237,43.5,198,479,41.3,534,1458,36.6,2017,0.39,0
San Antonio Spurs,1188,1902,62.5,434,1010,43,847,2025,41.8,116,259,44.8,116,281,41.3,232,540,43,521,1373,37.9,2017,0.744,1
Toronto Raptors,1262,2056,61.4,532,1198,44.4,692,1667,41.5,116,321,36.1,98,242,40.5,214,563,38,510,1418,36,2017,0.622,1
Utah Jazz,1350,2160,62.5,403,950,42.4,489,1277,38.3,121,315,38.4,113,296,38.2,234,611,38.3,556,1502,37,2017,0.622,1
Washington Wizards,1427,2321,61.5,419,971,43.2,786,1815,43.3,86,255,33.7,98,273,35.9,184,528,34.8,569,1484,38.3,2017,0.598,1
Atlanta Hawks,1461,2422,60.3,317,806,39.3,573,1366,41.9,95,271,35.1,115,307,37.5,210,578,36.3,604,1736,34.8,2016,0.585,1
Boston Celtics,1509,2507,60.2,373,1002,37.2,617,1667,37,96,254,37.8,82,255,32.2,178,509,35,539,1619,33.3,2016,0.585,1
Brooklyn Nets,1291,2188,59,602,1389,43.3,712,1835,38.8,91,244,37.3,92,228,40.4,183,472,38.8,347,1021,34,2016,0.256,0
Charlotte Hornets,1177,2028,58,363,893,40.6,623,1591,39.2,97,232,41.8,78,193,40.4,175,425,41.2,697,1975,35.3,2016,0.585,1
Chicago Bulls,1288,2317,55.6,393,1027,38.3,833,2072,40.2,76,215,35.3,84,186,45.2,160,401,39.9,490,1337,36.6,2016,0.512,0
Cleveland Cavaliers,1309,2055,63.7,372,938,39.7,610,1467,41.6,122,313,39,139,349,39.8,261,662,39.4,616,1756,35.1,2016,0.695,1
Dallas Mavericks,1161,1871,62.1,397,953,41.7,700,1735,40.3,112,314,35.7,89,205,43.4,201,519,38.7,603,1803,33.4,2016,0.512,1
Denver Nuggets,1526,2682,56.9,354,923,38.4,557,1454,38.3,87,242,36,58,182,31.9,145,424,34.2,508,1501,33.8,2016,0.402,0
Detroit Pistons,1313,2232,58.8,470,1229,38.2,588,1478,39.8,92,280,32.9,118,291,40.5,210,571,36.8,529,1543,34.3,2016,0.537,1
Golden State Warriors,1486,2338,63.6,344,887,38.8,582,1342,43.4,127,312,40.7,125,298,41.9,252,610,41.3,820,1956,41.9,2016,0.89,1
Houston Rockets,1513,2472,61.2,362,942,38.4,341,899,37.9,135,354,38.1,150,445,33.7,285,799,35.7,592,1707,34.7,2016,0.5,1
Indiana Pacers,1297,2094,61.9,378,886,42.7,804,2116,38,120,315,38.1,93,225,41.3,213,540,39.4,443,1321,33.5,2016,0.549,1
LA Clippers,1226,1881,65.2,319,775,41.2,799,1913,41.8,114,282,40.4,107,246,43.5,221,528,41.9,563,1615,34.9,2016,0.646,1
Los Angeles Lakers,1126,1999,56.3,438,1088,40.3,677,1854,36.5,72,222,32.4,58,181,32,130,403,32.3,505,1583,31.9,2016,0.207,0
Memphis Grizzlies,1345,2386,56.4,459,1200,38.3,711,1752,40.6,76,221,34.4,60,202,29.7,136,423,32.2,364,1075,33.9,2016,0.512,1
Miami Heat,1451,2222,65.3,453,1139,39.8,748,1856,40.3,90,282,31.9,113,287,39.4,203,569,35.7,292,892,32.7,2016,0.585,1
Milwaukee Bucks,1625,2704,60.1,448,1105,40.5,632,1654,38.2,69,196,35.2,65,184,35.3,134,380,35.3,303,870,34.8,2016,0.402,0
Minnesota Timberwolves,1398,2196,63.7,410,964,42.5,832,2160,38.5,67,175,38.3,42,110,38.2,109,285,38.2,345,1053,32.8,2016,0.354,0
New Orleans Pelicans,1344,2324,57.8,355,939,37.8,752,1825,41.2,79,234,33.8,72,223,32.3,151,457,33,549,1478,37.1,2016,0.366,0
New York Knicks,1078,1886,57.2,388,961,40.4,946,2277,41.5,101,234,43.2,70,185,37.8,171,419,40.8,438,1326,33,2016,0.39,0
Oklahoma City Thunder,1534,2528,60.7,421,912,46.2,739,1696,43.6,106,293,36.2,102,291,35.1,208,584,35.6,470,1354,34.7,2016,0.671,1
Orlando Magic,1352,2252,60,435,1051,41.4,819,2000,41,87,246,35.4,79,206,38.3,166,452,36.7,470,1341,35,2016,0.427,0
Philadelphia 76ers,1419,2398,59.2,352,1018,34.6,435,1214,35.8,104,274,38,99,274,36.1,203,548,37,560,1693,33.1,2016,0.122,0
Phoenix Suns,1368,2332,58.7,330,900,36.7,615,1668,36.9,84,246,34.1,95,247,38.5,179,493,36.3,558,1608,34.7,2016,0.28,0
Portland Trail Blazers,1272,2200,57.8,330,846,39,701,1658,42.3,132,316,41.8,93,257,36.2,225,573,39.3,639,1748,36.6,2016,0.537,1
Sacramento Kings,1561,2492,62.6,469,1260,37.2,593,1492,39.7,88,187,47.1,94,247,38.1,182,434,41.9,478,1389,34.4,2016,0.402,0
San Antonio Spurs,1284,1974,65,502,1109,45.3,933,2196,42.5,77,214,36,91,229,39.7,168,443,37.9,401,1060,37.8,2016,0.817,1
Toronto Raptors,1278,2147,59.5,449,1094,41,570,1512,37.7,132,338,39.1,104,240,43.3,236,578,40.8,472,1318,35.8,2016,0.683,1
Utah Jazz,1277,2121,60.2,435,1093,39.8,551,1423,38.7,127,305,41.6,124,327,37.9,251,632,39.7,443,1302,34,2016,0.488,0
Washington Wizards,1365,2195,62.2,373,895,41.7,791,1961,40.3,84,253,33.2,112,260,43.1,196,513,38.2,511,1449,35.3,2016,0.5,0
Atlanta Hawks,1307,2153,60.7,391,956,40.9,605,1438,42.1,115,275,41.8,138,326,42.3,253,601,42.1,565,1548,36.5,2015,0.732,1
Boston Celtics,1336,2233,59.8,377,962,39.2,820,1995,41.1,91,229,39.7,69,201,34.3,160,430,37.2,500,1573,31.8,2015,0.488,1
Brooklyn Nets,1211,2054,59,638,1419,45,679,1698,40,104,257,40.5,77,216,35.6,181,473,38.3,360,1136,31.7,2015,0.463,1
Charlotte Hornets,1089,1972,55.2,408,1050,38.9,918,2344,39.2,56,135,41.5,54,147,36.7,110,282,39,388,1268,30.6,2015,0.402,0
Chicago Bulls,1322,2355,56.1,361,916,39.4,672,1700,39.5,83,224,37.1,78,183,42.6,161,407,39.6,483,1401,34.5,2015,0.61,1
Cleveland Cavaliers,1338,2157,62,342,925,37,583,1403,41.6,124,342,36.3,120,323,37.2,244,665,36.7,580,1585,36.6,2015,0.646,1
Dallas Mavericks,1411,2242,62.9,340,869,39.1,772,1842,41.9,106,263,40.3,87,227,38.3,193,490,39.4,538,1583,34,2015,0.61,1
Denver Nuggets,1428,2415,59.1,414,1121,36.9,596,1589,37.5,84,260,32.3,83,233,35.6,167,493,33.9,493,1518,32.5,2015,0.366,0
Detroit Pistons,1419,2490,57,416,1186,35.1,503,1319,38.1,100,249,40.2,102,266,38.3,202,515,39.2,501,1508,33.2,2015,0.39,0
Golden State Warriors,1448,2234,64.8,408,1043,39.1,671,1643,40.8,102,250,40.8,128,258,49.6,230,508,45.3,653,1686,38.7,2015,0.817,1
Houston Rockets,1428,2366,60.4,428,1054,40.6,243,731,33.2,156,414,37.7,196,485,40.4,352,899,39.2,581,1765,32.9,2015,0.683,1
Indiana Pacers,1090,1890,57.7,432,1041,41.5,864,2153,40.1,98,253,38.7,83,219,37.9,181,472,38.3,431,1251,34.5,2015,0.463,0
Los Angeles Clippers,1202,1847,65.1,332,781,42.5,867,2000,43.4,117,312,37.5,120,286,42,237,598,39.6,589,1591,37,2015,0.683,1
Los Angeles Lakers,1288,2114,60.9,353,968,36.5,881,2392,36.8,57,143,39.9,58,148,39.2,115,291,39.5,417,1248,33.4,2015,0.256,0
Memphis Grizzlies,1387,2276,60.9,546,1372,39.8,741,1868,39.7,67,174,38.5,60,161,37.3,127,335,37.9,294,891,33,2015,0.671,1
Miami Heat,1248,2024,61.7,376,872,43.1,705,1776,39.7,86,263,32.7,116,278,41.7,202,541,37.3,353,1100,32.1,2015,0.451,0
Milwaukee Bucks,1436,2446,58.7,320,856,37.4,782,1920,40.7,100,269,37.2,97,224,43.3,197,493,40,348,1003,34.7,2015,0.5,1
Minnesota Timberwolves,1289,2154,59.8,405,1073,37.7,886,2370,37.4,62,172,36,39,105,37.1,101,277,36.5,304,933,32.6,2015,0.195,0
New Orleans Pelicans,1500,2645,56.7,344,879,39.1,678,1688,40.2,86,191,45,74,197,37.6,160,388,41.2,425,1176,36.1,2015,0.549,1
New York Knicks,1034,1842,56.1,334,881,37.9,954,2389,39.9,57,170,33.5,53,140,37.9,110,310,35.5,449,1288,34.9,2015,0.207,0
Oklahoma City Thunder,1407,2386,59,435,1063,40.9,710,1805,39.3,93,243,38.3,84,225,37.3,177,468,37.8,454,1382,32.9,2015,0.549,0
Orlando Magic,1384,2341,59.1,466,1190,39.2,672,1662,40.4,74,218,33.9,85,211,40.3,159,429,37.1,395,1159,34.1,2015,0.305,0
Philadelphia 76ers,1394,2481,56.2,279,911,30.6,400,1225,32.7,79,232,34.1,60,175,34.3,139,407,34.2,553,1734,31.9,2015,0.22,0
Phoenix Suns,1402,2260,62,352,902,39,726,1828,39.7,101,293,34.5,122,325,37.5,223,618,36.1,474,1412,33.6,2015,0.476,0
Portland Trail Blazers,1206,1934,62.4,347,840,41.3,815,2044,39.9,126,315,40,95,253,37.5,221,568,38.9,583,1646,35.4,2015,0.622,1
Sacramento Kings,1435,2374,60.4,414,1152,35.9,700,1741,40.2,69,179,38.5,82,229,35.8,151,408,37,310,930,33.3,2015,0.354,0
San Antonio Spurs,1312,2119,61.9,533,1198,44.5,686,1690,40.6,112,274,40.9,116,267,43.4,228,541,42.1,449,1294,34.7,2015,0.671,1
Toronto Raptors,1247,2011,62,515,1169,44.1,620,1589,39,134,330,40.6,92,231,39.8,226,561,40.3,500,1488,33.6,2015,0.598,1
Utah Jazz,1389,2203,63.1,317,946,33.5,584,1563,37.4,94,237,39.7,94,264,35.6,188,501,37.5,421,1261,33.4,2015,0.463,0
Washington Wizards,1348,2116,63.7,353,922,38.3,941,2371,39.7,68,208,32.7,76,184,41.3,144,392,36.7,353,977,36.1,2015,0.561,1
Atlanta Hawks,1236,2002,61.7,447,1083,41.3,610,1487,41,111,293,37.9,118,289,40.8,229,582,39.3,538,1520,35.4,2014,0.463,1
Boston Celtics,1223,2097,58.3,326,914,35.7,872,2142,40.7,80,220,36.4,87,211,41.2,167,431,38.7,408,1282,31.8,2014,0.305,0
Brooklyn Nets,1136,1858,61.1,440,1018,43.2,646,1593,40.6,100,236,42.4,90,244,36.9,190,480,39.6,518,1421,36.5,2014,0.537,1
Charlotte Bobcats,1251,2137,58.5,405,936,43.3,804,2186,36.8,54,155,34.8,64,159,40.3,118,314,37.6,398,1137,35,2014,0.524,1
Chicago Bulls,1245,2209,56.4,282,811,34.8,808,2098,38.5,75,173,43.4,52,161,32.3,127,334,38,378,1105,34.2,2014,0.585,1
Cleveland Cavaliers,1158,2064,56.1,452,1113,40.6,842,2138,39.4,92,226,40.7,68,203,33.5,160,429,37.3,424,1191,35.6,2014,0.402,0
Dallas Mavericks,1274,2000,63.7,443,1086,40.8,811,1894,42.8,93,224,41.5,69,162,42.6,162,386,42,558,1477,37.8,2014,0.598,1
Denver Nuggets,1508,2482,60.8,390,1096,35.6,547,1504,36.4,107,241,44.4,98,250,39.2,205,491,41.8,497,1448,34.3,2014,0.439,0
Detroit Pistons,1721,2826,60.9,406,1148,35.4,548,1570,34.9,82,222,36.9,80,181,44.2,162,403,40.2,344,1152,29.9,2014,0.354,0
Golden State Warriors,1295,2089,62,489,1211,40.4,678,1668,40.6,119,286,41.6,87,216,40.3,206,502,41,568,1514,37.5,2014,0.622,1
Houston Rockets,1638,2621,62.5,450,1075,41.9,251,728,34.5,98,251,39,103,268,38.4,201,519,38.7,573,1645,34.8,2014,0.659,1
Indiana Pacers,1129,1910,59.1,444,1090,40.7,826,2031,40.7,74,180,41.1,87,212,41,161,392,41.1,389,1135,34.3,2014,0.683,1
Los Angeles Clippers,1414,2088,67.7,307,809,37.9,794,1898,41.8,111,297,37.4,128,294,43.5,239,591,40.4,451,1357,33.2,2014,0.695,1
Los Angeles Lakers,1248,2035,61.3,435,1113,39.1,682,1800,37.9,107,266,40.2,100,243,41.2,207,509,40.7,566,1511,37.5,2014,0.329,0
Memphis Grizzlies,1371,2259,60.7,581,1390,41.8,765,1927,39.7,56,164,34.1,64,161,39.8,120,325,36.9,284,805,35.3,2014,0.61,1
Miami Heat,1523,2241,68,329,702,46.9,625,1499,41.7,122,302,40.4,176,395,44.6,298,697,42.8,366,1128,32.4,2014,0.659,1
Milwaukee Bucks,1326,2351,56.4,361,978,36.9,717,1854,38.7,62,158,39.2,49,145,33.8,111,303,36.6,437,1244,35.1,2014,0.183,0
Minnesota Timberwolves,1587,2655,59.8,353,905,39,649,1858,34.9,85,254,33.5,48,147,32.7,133,401,33.2,465,1340,34.7,2014,0.488,0
New Orleans Pelicans,1457,2561,56.9,409,1076,38,749,1821,41.1,59,154,38.3,60,158,38,119,312,38.1,367,971,37.8,2014,0.415,0
New York Knicks,1128,1890,59.7,247,662,37.3,893,2147,41.6,94,249,37.8,77,182,42.3,171,431,39.7,588,1588,37,2014,0.451,0
Oklahoma City Thunder,1342,2116,63.4,386,939,41.1,802,1887,42.5,87,252,34.5,70,195,35.9,157,447,35.1,507,1375,36.9,2014,0.72,1
Orlando Magic,1203,2062,58.3,360,950,37.9,896,2176,41.2,106,295,35.9,58,163,35.6,164,458,35.8,398,1122,35.5,2014,0.28,0
Philadelphia 76ers,1640,2888,56.8,390,1083,36,501,1332,37.6,70,220,31.8,51,147,34.7,121,367,33,453,1465,30.9,2014,0.232,0
Phoenix Suns,1370,2188,62.6,358,931,38.5,679,1671,40.6,122,272,44.9,108,298,36.2,230,570,40.4,534,1467,36.4,2014,0.585,0
Portland Trail Blazers,1222,2021,60.5,323,873,37,892,2167,41.2,133,304,43.8,75,238,31.5,208,542,38.4,562,1521,36.9,2014,0.659,1
Sacramento Kings,1297,2089,62.1,506,1323,38.2,732,1879,39,64,169,37.9,50,139,36,114,308,37,376,1159,32.4,2014,0.341,0
San Antonio Spurs,1433,2213,64.8,450,1027,43.8,745,1847,40.3,123,291,42.3,96,244,39.3,219,535,40.9,479,1210,39.6,2014,0.756,1
Toronto Raptors,1124,1851,60.7,469,1136,41.3,686,1814,37.8,124,305,40.7,85,223,38.1,209,528,39.6,502,1375,36.5,2014,0.585,1
Utah Jazz,1305,2106,62,398,1064,37.4,705,1905,37,72,208,34.6,80,188,42.6,152,396,38.4,391,1158,33.8,2014,0.305,0
Washington Wizards,1355,2107,64.3,337,909,37.1,838,2199,38.1,110,269,40.9,105,264,39.8,215,533,40.3,431,1156,37.3,2014,0.537,1
Atlanta Hawks,1346,2057,65.4,343,921,37.2,689,1765,39,115,270,42.6,104,251,41.4,219,521,42,487,1368,35.6,2013,0.537,1
Boston Celtics,1215,2035,59.7,326,839,38.9,961,2194,43.8,90,243,37,105,239,43.9,195,482,40.5,304,886,34.3,2013,0.506,1
Brooklyn Nets,1208,2053,58.8,490,1177,41.6,616,1554,39.6,142,354,40.1,108,275,39.3,250,629,39.7,378,1116,33.9,2013,0.598,1
Charlotte Bobcats,1278,2312,55.3,305,910,33.5,771,2028,38,57,143,39.9,60,151,39.7,117,294,39.8,352,1090,32.3,2013,0.256,0
Chicago Bulls,1338,2257,59.3,295,871,33.9,847,2305,36.7,62,163,38,43,130,33.1,105,293,35.8,341,961,35.5,2013,0.549,1
Cleveland Cavaliers,1238,2211,56,393,1083,36.3,815,2026,40.2,63,187,33.7,56,160,35,119,347,34.3,427,1222,34.9,2013,0.293,0
Dallas Mavericks,1136,1866,60.9,525,1230,42.7,914,2167,42.2,73,224,32.6,68,162,42,141,386,36.5,466,1225,38,2013,0.5,0
Denver Nuggets,2016,3194,63.1,364,1022,35.6,438,1249,35.1,109,283,38.5,78,250,31.2,187,533,35.1,334,962,34.7,2013,0.695,1
Detroit Pistons,1565,2670,58.6,343,962,35.7,557,1565,35.6,82,216,38,64,187,34.2,146,403,36.2,368,1022,36,2013,0.354,0
Golden State Warriors,1139,1880,60.6,433,1140,38,900,2188,41.1,83,193,43,91,187,48.7,174,380,45.8,483,1231,39.2,2013,0.573,1
Houston Rockets,1617,2628,61.5,278,795,35,362,990,36.6,136,342,39.8,138,354,39,274,696,39.4,591,1661,35.6,2013,0.549,1
Indiana Pacers,1189,2014,59,426,1106,38.5,675,1806,37.4,67,197,34,84,216,38.9,151,413,36.6,404,1162,34.8,2013,0.605,1
Los Angeles Clippers,1444,2195,65.8,398,928,42.9,691,1733,39.9,111,306,36.3,120,295,40.7,231,601,38.4,396,1140,34.7,2013,0.683,1
Los Angeles Lakers,1350,2159,62.5,373,973,38.3,603,1491,40.4,104,289,36,96,258,37.2,200,547,36.6,511,1443,35.4,2013,0.549,1
Memphis Grizzlies,1277,2278,56.1,488,1242,39.3,817,2052,39.8,61,163,37.4,69,165,41.8,130,328,39.6,252,767,32.9,2013,0.683,1
Miami Heat,1392,2042,68.2,309,760,40.7,730,1737,42,147,341,43.1,162,376,43.1,309,717,43.1,408,1084,37.6,2013,0.805,1
Milwaukee Bucks,1432,2530,56.6,321,942,34.1,774,2054,37.7,69,204,33.8,86,207,41.5,155,411,37.7,446,1250,35.7,2013,0.463,1
Minnesota Timberwolves,1421,2406,59.1,260,781,33.3,812,2038,39.8,75,205,36.6,48,141,34,123,346,35.5,327,1121,29.2,2013,0.378,0
New Orleans Hornets,1312,2273,57.7,428,1118,38.3,680,1724,39.4,46,126,36.5,56,140,40,102,266,38.3,433,1192,36.3,2013,0.329,0
New York Knicks,1212,2057,58.9,171,491,34.8,721,1768,40.8,122,328,37.2,96,248,38.7,218,576,37.8,672,1767,38,2013,0.659,1
Oklahoma City Thunder,1358,2088,65,388,951,40.8,782,1876,41.7,102,256,39.8,75,151,49.7,177,407,43.5,419,1168,35.9,2013,0.732,1
Orlando Magic,1323,2190,60.4,467,1085,43,797,2092,38.1,81,209,38.8,50,150,33.3,131,359,36.5,375,1172,32,2013,0.244,0
Philadelphia 76ers,1210,2066,58.6,385,991,38.8,946,2400,39.4,91,257,35.4,79,191,41.4,170,448,37.9,348,978,35.6,2013,0.415,0
Phoenix Suns,1328,2154,61.7,330,967,34.1,923,2341,39.4,68,184,37,82,224,36.6,150,408,36.8,330,1035,31.9,2013,0.305,0
Portland Trail Blazers,1251,2092,59.8,282,730,38.6,803,1989,40.4,111,258,43,72,206,35,183,464,39.4,489,1425,34.3,2013,0.402,0
Sacramento Kings,1419,2386,59.5,456,1148,39.7,601,1689,35.6,81,214,37.9,97,248,39.1,178,462,38.5,431,1204,35.8,2013,0.341,0
San Antonio Spurs,1419,2237,63.4,410,978,41.9,718,1696,42.3,131,312,42,130,322,40.4,261,634,41.2,402,1117,36,2013,0.707,1
Toronto Raptors,1170,1877,62.3,408,970,42.1,830,2172,38.2,68,169,40.2,58,187,31,126,356,35.4,444,1298,34.2,2013,0.415,0
Utah Jazz,1322,2122,62.3,438,1107,39.6,779,2096,37.2,65,163,39.9,54,152,35.5,119,315,37.8,388,1054,36.8,2013,0.524,0
Washington Wizards,1063,1806,58.9,438,1094,40,864,2298,37.6,114,257,44.4,118,251,47,232,508,45.7,313,978,32,2013,0.354,0
Atlanta Hawks,1016,1646,61.7,299,720,41.5,622,1652,37.7,100,246,40.7,84,218,38.5,184,464,39.7,307,858,35.8,2012,0.606,1
Boston Celtics,936,1554,60.2,218,591,36.9,824,1953,42.2,78,184,42.4,62,138,44.9,140,322,43.5,223,662,33.7,2012,0.591,1
Charlotte Bobcats,948,1669,56.8,214,634,33.8,768,2098,36.6,27,74,36.5,22,71,31,49,145,33.8,214,735,29.1,2012,0.106,0
Chicago Bulls,1058,1809,58.5,263,662,39.7,727,1874,38.8,57,137,41.6,54,161,33.5,111,298,37.2,308,805,38.3,2012,0.758,1
Cleveland Cavaliers,1093,1927,56.7,291,873,33.3,437,1287,34,53,148,35.8,62,165,37.6,115,313,36.7,325,954,34.1,2012,0.318,0
Dallas Mavericks,913,1451,62.9,319,867,36.8,669,1630,41,55,157,35,64,180,35.6,119,337,35.3,378,1117,33.8,2012,0.545,1
Denver Nuggets,1474,2380,61.9,287,719,39.9,376,994,37.8,81,240,33.8,69,177,39,150,417,36,284,871,32.6,2012,0.576,1
Detroit Pistons,1057,1859,56.9,310,810,38.3,607,1647,36.9,55,133,41.4,31,100,31,86,233,36.9,231,669,34.5,2012,0.379,0
Golden State Warriors,969,1613,60.1,287,775,37,708,1703,41.6,82,185,44.3,91,193,47.2,173,378,45.8,351,961,36.5,2012,0.348,0
Houston Rockets,1001,1617,61.9,349,968,36.1,661,1628,40.6,95,214,44.4,75,174,43.1,170,388,43.8,308,932,33,2012,0.515,0
Indiana Pacers,971,1721,56.4,389,986,39.5,602,1604,37.5,51,141,36.2,58,166,34.9,109,307,35.5,282,744,37.9,2012,0.636,1
Los Angeles Clippers,1042,1631,63.9,250,673,37.1,633,1621,39,86,217,39.6,67,210,31.9,153,427,35.8,359,1000,35.9,2012,0.606,1
Los Angeles Lakers,1023,1611,63.5,381,968,39.4,663,1628,40.7,54,153,35.3,57,169,33.7,111,322,34.5,249,780,31.9,2012,0.621,1
Memphis Grizzlies,1078,1798,60,411,1051,39.1,659,1724,38.2,32,90,35.6,41,110,37.3,73,200,36.5,203,629,32.3,2012,0.621,1
Miami Heat,1101,1748,63,302,770,39.2,673,1663,40.5,65,174,37.4,62,177,35,127,351,36.2,242,675,35.9,2012,0.697,1
Milwaukee Bucks,1115,1909,58.4,258,719,35.9,693,1759,39.4,43,138,31.2,72,186,38.7,115,324,35.5,315,926,34,2012,0.47,0
Minnesota Timberwolves,1093,1826,59.9,254,752,33.8,535,1433,37.3,76,216,35.2,58,154,37.7,134,370,36.2,339,1043,32.5,2012,0.394,0
New Jersey Nets,847,1538,55.1,258,635,40.6,650,1666,39,75,230,32.6,65,186,34.9,140,416,33.7,366,1057,34.6,2012,0.333,0
New Orleans Hornets,943,1613,58.5,384,923,41.6,714,1790,39.9,37,103,35.9,42,111,37.8,79,214,36.9,180,559,32.2,2012,0.318,0
New York Knicks,1148,1858,61.8,187,586,31.9,513,1353,37.9,66,199,33.2,67,183,36.6,133,382,34.8,384,1144,33.6,2012,0.545,1
Oklahoma City Thunder,1100,1717,64.1,282,738,38.2,608,1455,41.8,47,121,38.8,57,134,42.5,104,255,40.8,368,1055,34.9,2012,0.712,1
Orlando Magic,1002,1666,60.1,231,613,37.7,372,1098,33.9,85,219,38.8,80,181,44.2,165,400,41.3,505,1377,36.7,2012,0.561,1
Philadelphia 76ers,896,1488,60.2,387,969,39.9,839,2095,40,33,107,30.8,34,97,35.1,67,204,32.8,282,755,37.4,2012,0.53,1
Phoenix Suns,990,1548,64,344,830,41.4,717,1772,40.5,54,157,34.4,58,161,36,112,318,35.2,332,966,34.4,2012,0.5,0
Portland Trail Blazers,1028,1763,58.3,257,654,39.3,639,1618,39.5,92,234,39.3,78,197,39.6,170,431,39.4,308,936,32.9,2012,0.424,0
Sacramento Kings,1259,2107,59.8,340,961,35.4,480,1343,35.7,58,172,33.7,66,189,34.9,124,361,34.3,286,928,30.8,2012,0.333,0
San Antonio Spurs,1107,1729,64,386,937,41.2,566,1392,40.7,96,234,41,94,219,42.9,190,453,41.9,362,946,38.3,2012,0.758,1
Toronto Raptors,955,1568,60.9,267,662,40.3,681,1849,36.8,48,125,38.4,43,140,30.7,91,265,34.3,274,798,34.3,2012,0.348,0
Utah Jazz,1219,1924,63.4,424,1053,40.3,607,1709,35.5,31,89,34.8,24,79,30.4,55,168,32.7,218,665,32.8,2012,0.545,1
Washington Wizards,1130,1811,62.4,290,844,34.4,650,1745,37.2,68,161,42.2,62,165,37.6,130,326,39.9,211,740,28.5,2012,0.303,0
Atlanta Hawks,1051,1685,62.4,463,1048,44.2,955,2269,42.1,114,296,38.5,80,214,37.4,194,510,38,307,903,34,2011,0.537,1
Boston Celtics,1375,2139,64.3,325,800,40.6,915,2161,42.3,77,161,47.8,62,138,44.9,139,299,46.5,269,812,33.1,2011,0.683,1
Charlotte Bobcats,1372,2345,58.5,313,820,38.2,795,1997,39.8,35,115,30.4,50,111,45,85,226,37.6,308,958,32.2,2011,0.415,0
Chicago Bulls,1410,2312,61,307,796,38.6,814,2063,39.5,78,208,37.5,70,188,37.2,148,396,37.4,363,1003,36.2,2011,0.756,1
Cleveland Cavaliers,1262,2142,58.9,393,1082,36.3,720,1932,37.3,69,178,38.8,68,186,36.6,137,364,37.6,374,1120,33.4,2011,0.232,0
Dallas Mavericks,1136,1727,65.8,387,965,40.1,901,2003,45,112,305,36.7,99,231,42.9,211,536,39.4,433,1214,35.7,2011,0.695,1
Denver Nuggets,1565,2593,60.4,254,651,39,664,1665,39.9,112,303,37,90,198,45.5,202,501,40.3,458,1182,38.7,2011,0.61,1
Detroit Pistons,1351,2192,61.6,315,872,36.1,918,2327,39.4,108,270,40,81,200,40.5,189,470,40.2,281,767,36.6,2011,0.366,0
Golden State Warriors,1389,2216,62.7,358,1026,34.9,819,2056,39.8,133,305,43.6,93,226,41.2,226,531,42.6,458,1199,38.2,2011,0.439,0
Houston Rockets,1296,2117,61.2,465,1214,38.3,732,1801,40.6,93,230,40.4,84,208,40.4,177,438,40.4,499,1388,36,2011,0.524,0
Indiana Pacers,1199,1997,60,378,1012,37.4,841,2125,39.6,77,188,41,60,162,37,137,350,39.1,448,1291,34.7,2011,0.451,1
Los Angeles Clippers,1544,2453,62.9,323,905,35.7,635,1716,37,64,180,35.6,68,230,29.6,132,410,32.2,378,1088,34.7,2011,0.39,0
Los Angeles Lakers,1325,2079,63.7,501,1204,41.6,778,1987,39.2,78,227,34.4,103,213,48.4,181,440,41.1,340,1023,33.2,2011,0.695,1
Memphis Grizzlies,1516,2414,62.8,591,1447,40.8,784,2014,38.9,49,123,39.8,48,132,36.4,97,255,38,212,646,32.8,2011,0.561,1
Miami Heat,1208,1792,67.4,349,835,41.8,927,2194,42.3,117,255,45.9,98,242,40.5,215,497,43.3,330,970,34,2011,0.707,1
Milwaukee Bucks,1094,1939,56.4,369,975,37.8,867,2215,39.1,83,209,39.7,89,229,38.9,172,438,39.3,312,965,32.3,2011,0.427,0
Minnesota Timberwolves,1162,1979,58.7,501,1333,37.6,838,2135,39.3,81,176,46,69,151,45.7,150,327,45.9,438,1213,36.1,2011,0.207,0
New Jersey Nets,1090,1869,58.3,508,1220,41.6,861,2212,38.9,72,209,34.4,57,157,36.3,129,366,35.2,329,953,34.5,2011,0.293,0
New Orleans Hornets,1069,1745,61.3,472,1180,40,959,2259,42.5,69,198,34.8,80,206,38.8,149,404,36.9,293,815,36,2011,0.561,1
New York Knicks,1321,2115,62.5,354,927,38.2,700,1743,40.2,143,324,44.1,101,254,39.8,244,578,42.2,521,1490,35,2011,0.512,1
Oklahoma City Thunder,1395,2139,65.2,356,962,37,828,2103,39.4,54,142,38,46,133,34.6,100,275,36.4,387,1119,34.6,2011,0.671,1
Orlando Magic,1192,1854,64.3,335,845,39.6,659,1609,41,109,285,38.2,88,245,35.9,197,530,37.2,572,1553,36.8,2011,0.634,1
Philadelphia 76ers,1256,1975,63.6,439,1156,38,987,2396,41.2,73,166,44,55,151,36.4,128,317,40.4,315,916,34.4,2011,0.5,1
Phoenix Suns,1290,1939,66.5,425,1048,40.6,803,2000,40.2,81,212,38.2,121,288,42,202,500,40.4,499,1342,37.2,2011,0.488,0
Portland Trail Blazers,1304,2105,61.9,360,942,38.2,769,2048,37.5,99,238,41.6,93,254,36.6,192,492,39,325,988,32.9,2011,0.585,1
Sacramento Kings,1423,2275,62.5,425,1189,35.7,858,2238,38.3,70,168,41.7,83,206,40.3,153,374,40.9,273,877,31.1,2011,0.293,0
San Antonio Spurs,1258,1989,63.2,478,1134,42.2,727,1778,40.9,125,327,38.2,150,330,45.5,275,657,41.9,410,1061,38.6,2011,0.744,1
Toronto Raptors,1461,2418,60.4,390,926,42.1,948,2320,40.9,42,142,29.6,45,116,38.8,87,258,33.7,258,821,31.4,2011,0.268,0
Utah Jazz,1379,2209,62.4,400,1032,38.8,849,2091,40.6,44,116,37.9,46,128,35.9,90,244,36.9,345,998,34.6,2011,0.476,0
Washington Wizards,1316,2175,60.5,389,1037,37.5,950,2493,38.1,74,218,33.9,55,144,38.2,129,362,35.6,264,811,32.6,2011,0.28,0
Atlanta Hawks,1345,2155,62.4,483,1119,43.2,829,2072,40,133,357,37.3,78,224,34.8,211,581,36.3,312,854,36.5,2010,0.646,1
Boston Celtics,1441,2274,63.4,368,831,44.3,731,1756,41.6,58,186,31.2,53,143,37.1,111,329,33.7,388,1092,35.5,2010,0.61,1
Charlotte Bobcats,1510,2613,57.8,258,671,38.5,630,1691,37.3,69,189,36.5,79,203,38.9,148,392,37.8,311,919,33.8,2010,0.537,1
Chicago Bulls,1307,2293,57,353,795,44.4,1069,2671,40,77,185,41.6,55,151,36.4,132,336,39.3,220,720,30.6,2010,0.5,1
Cleveland Cavaliers,1479,2235,66.2,325,737,44.1,695,1836,37.9,105,270,38.9,114,270,42.2,219,540,40.6,381,1030,37,2010,0.744,1
Dallas Mavericks,1172,1961,59.8,384,937,41,1026,2364,43.4,77,194,39.7,56,151,37.1,133,345,38.6,425,1139,37.3,2010,0.671,1
Denver Nuggets,1476,2393,61.7,293,748,39.2,811,2019,40.2,76,181,42,62,157,39.5,138,338,40.8,406,1164,34.9,2010,0.646,1
Detroit Pistons,1251,2151,58.2,321,805,39.9,994,2455,40.5,69,203,34,61,196,31.1,130,399,32.6,242,776,31.2,2010,0.329,0
Golden State Warriors,1419,2270,62.5,287,741,38.7,990,2396,41.3,101,226,44.7,90,216,41.7,191,442,43.2,442,1225,36.1,2010,0.317,0
Houston Rockets,1388,2448,56.7,416,967,43,644,1669,38.6,97,225,43.1,87,234,37.2,184,459,40.1,461,1363,33.8,2010,0.512,0
Indiana Pacers,1221,2083,58.6,344,822,41.8,796,2022,39.4,69,189,36.5,66,181,36.5,135,370,36.5,523,1513,34.6,2010,0.39,0
Los Angeles Clippers,1382,2308,59.9,337,754,44.7,800,2082,38.4,60,170,35.3,63,171,36.8,123,341,36.1,359,1096,32.8,2010,0.354,0
Los Angeles Lakers,1301,2200,59.1,493,1125,43.8,818,1987,41.2,86,212,40.6,61,166,36.7,147,378,38.9,384,1167,32.9,2010,0.695,1
Memphis Grizzlies,1557,2595,60,548,1264,43.4,774,1996,38.8,44,109,40.4,54,123,43.9,98,232,42.2,244,763,32,2010,0.488,0
Miami Heat,1167,1833,63.7,349,795,43.9,974,2464,39.5,77,196,39.3,78,196,39.8,155,392,39.5,339,1022,33.2,2010,0.573,1
Milwaukee Bucks,1155,2069,55.8,361,916,39.4,889,2198,40.4,127,278,45.7,86,256,33.6,213,534,39.9,429,1266,33.9,2010,0.561,1
Minnesota Timberwolves,1315,2201,59.7,472,1130,41.8,916,2411,38,42,125,33.6,54,142,38,96,267,36,305,894,34.1,2010,0.183,0
New Jersey Nets,1302,2311,56.3,345,898,38.4,789,2159,36.5,72,208,34.6,65,183,35.5,137,391,35,237,781,30.3,2010,0.146,0
New Orleans Hornets,1336,2223,60.1,416,925,45,855,2122,40.3,68,159,42.8,68,163,41.7,136,322,42.2,435,1240,35.1,2010,0.451,0
New York Knicks,1403,2307,60.8,246,577,42.6,735,1847,39.8,96,268,35.8,76,190,40,172,458,37.6,570,1674,34.1,2010,0.354,0
Oklahoma City Thunder,1373,2262,60.7,391,897,43.6,880,2240,39.3,46,145,31.7,53,147,36.1,99,292,33.9,320,931,34.4,2010,0.61,1
Orlando Magic,1240,1983,62.5,347,739,47,577,1431,40.3,152,371,41,121,284,42.6,273,655,41.7,568,1563,36.3,2010,0.72,1
Philadelphia 76ers,1318,2159,61,393,936,42,902,2229,40.5,69,188,36.7,73,171,42.7,142,359,39.6,331,1001,33.1,2010,0.329,0
Phoenix Suns,1375,2167,63.5,485,1020,47.5,749,1831,40.9,75,194,38.7,135,279,48.4,210,473,44.4,519,1284,40.4,2010,0.659,1
Portland Trail Blazers,1178,1903,61.9,318,755,42.1,987,2407,41,107,275,38.9,79,206,38.3,186,481,38.7,305,881,34.6,2010,0.61,1
Sacramento Kings,1415,2354,60.1,420,1057,39.7,827,2101,39.4,73,162,45.1,76,198,38.4,149,360,41.4,332,1006,33,2010,0.305,0
San Antonio Spurs,1405,2216,63.4,371,869,42.7,820,2027,40.5,112,300,37.3,110,278,39.6,222,578,38.4,331,956,34.6,2010,0.61,1
Toronto Raptors,1365,2154,63.4,369,839,44,947,2241,42.3,82,179,45.8,51,121,42.1,133,300,44.3,383,1061,36.1,2010,0.488,0
Utah Jazz,1650,2612,63.2,342,832,41.1,796,1924,41.4,74,153,48.4,41,103,39.8,115,256,44.9,324,942,34.4,2010,0.646,1
Washington Wizards,1204,2029,59.3,345,925,37.3,1027,2521,40.7,59,166,35.5,54,130,41.5,113,296,38.2,319,915,34.9,2010,0.317,0
Atlanta Hawks,1169,1887,62,461,1033,44.6,729,1898,38.4,111,285,38.9,83,220,37.7,194,505,38.4,401,1107,36.2,2009,0.573,1
Boston Celtics,1388,2224,62.4,324,795,40.8,826,1960,42.1,103,246,41.9,87,179,48.6,190,425,44.7,347,924,37.6,2009,0.756,1
Charlotte Bobcats,1334,2385,55.9,312,763,40.9,730,1813,40.3,97,236,41.1,59,171,34.5,156,407,38.3,333,913,36.5,2009,0.427,0
Chicago Bulls,1324,2318,57.1,228,649,35.1,1083,2591,41.8,65,176,36.9,58,153,37.9,123,329,37.4,368,945,38.9,2009,0.5,1
Cleveland Cavaliers,1184,1861,63.6,280,706,39.7,903,2220,40.7,140,332,42.2,114,287,39.7,254,619,41,401,1038,38.6,2009,0.805,1
Dallas Mavericks,1105,1859,59.4,338,787,42.9,1114,2493,44.7,93,267,34.8,70,217,32.3,163,484,33.7,407,1130,36,2009,0.61,1
Denver Nuggets,1529,2495,61.3,273,696,39.2,708,1843,38.4,50,147,34,63,146,43.2,113,293,38.6,434,1165,37.3,2009,0.659,1
Detroit Pistons,1110,1892,58.7,305,679,44.9,1191,2913,40.9,108,262,41.2,54,162,33.3,162,424,38.2,213,640,33.3,2009,0.476,1
Golden State Warriors,1453,2405,60.4,314,835,37.6,915,2339,39.1,73,183,39.9,82,159,51.6,155,342,45.3,393,1115,35.2,2009,0.354,0
Houston Rockets,1184,2098,56.4,458,1032,44.4,697,1738,40.1,59,168,35.1,73,172,42.4,132,340,38.8,488,1291,37.8,2009,0.646,1
Indiana Pacers,1320,2274,58,383,917,41.8,866,2167,40,62,173,35.8,54,144,37.5,116,317,36.6,535,1396,38.3,2009,0.439,0
Los Angeles Clippers,1333,2327,57.3,345,851,40.5,743,2003,37.1,64,154,41.6,58,136,42.6,122,290,42.1,409,1193,34.3,2009,0.232,0
Los Angeles Lakers,1422,2306,61.7,504,1129,44.6,834,2030,41.1,83,225,36.9,76,209,36.4,159,434,36.6,386,1065,36.2,2009,0.793,1
Memphis Grizzlies,1233,2173,56.7,451,1121,40.2,783,1913,40.9,53,147,36.1,60,138,43.5,113,285,39.6,285,805,35.4,2009,0.293,0
Miami Heat,1161,1892,61.4,359,839,42.8,934,2290,40.8,93,245,38,80,233,34.3,173,478,36.2,407,1124,36.2,2009,0.524,1
Milwaukee Bucks,1195,2119,56.4,357,835,42.8,946,2391,39.6,93,233,39.9,86,211,40.8,179,444,40.3,331,957,34.6,2009,0.415,0
Minnesota Timberwolves,1314,2333,56.3,363,898,40.4,767,1997,38.4,117,272,43,77,198,38.9,194,470,41.3,348,1050,33.1,2009,0.293,0
New Jersey Nets,1257,2182,57.6,266,650,40.9,750,1972,38,130,300,43.3,119,255,46.7,249,555,44.9,402,1167,34.4,2009,0.415,0
New Orleans Hornets,1104,1813,60.9,451,990,45.6,801,2039,39.3,110,256,43,101,257,39.3,211,513,41.1,343,1000,34.3,2009,0.598,1
New York Knicks,1448,2521,57.4,272,664,41,617,1630,37.9,126,351,35.9,90,218,41.3,216,569,38,604,1688,35.8,2009,0.39,0
Oklahoma City Thunder,1417,2361,60,317,868,36.5,934,2535,36.8,45,115,39.1,29,98,29.6,74,213,34.7,257,726,35.4,2009,0.28,0
Orlando Magic,1155,1865,61.9,316,812,38.9,643,1595,40.3,141,357,39.5,122,314,38.9,263,671,39.2,552,1462,37.8,2009,0.72,1
Philadelphia 76ers,1520,2550,59.6,303,806,37.6,833,2103,39.6,64,195,32.8,45,117,38.5,109,312,34.9,231,745,31,2009,0.5,1
Phoenix Suns,1643,2497,65.8,488,1070,45.6,689,1686,40.9,80,215,37.2,95,228,41.7,175,443,39.5,377,980,38.5,2009,0.561,0
Portland Trail Blazers,1221,1990,61.4,364,868,41.9,837,2083,40.2,129,311,41.5,129,327,39.4,258,638,40.4,337,886,38,2009,0.659,1
Sacramento Kings,1207,2046,59,336,904,37.2,863,2146,40.2,92,202,45.5,97,243,39.9,189,445,42.5,395,1127,35,2009,0.207,0
San Antonio Spurs,1079,1790,60.3,362,817,44.3,979,2339,41.9,125,317,39.4,124,313,39.6,249,630,39.5,372,947,39.3,2009,0.659,1
Toronto Raptors,1073,1803,59.5,339,830,40.8,1164,2754,42.3,56,138,40.6,81,190,42.6,137,328,41.8,341,942,36.2,2009,0.402,0
Utah Jazz,1578,2604,60.6,268,696,38.5,907,2206,41.1,46,104,44.2,49,138,35.5,95,242,39.3,295,866,34.1,2009,0.585,1
Washington Wizards,1358,2282,59.5,341,874,39,900,2303,39.1,49,136,36,31,110,28.2,80,246,32.5,315,944,33.4,2009,0.232,0
Atlanta Hawks,1368,2293,59.7,398,1005,39.6,827,2180,37.9,69,171,40.4,43,116,37.1,112,287,39,269,771,34.9,2008,0.451,1
Boston Celtics,1293,2154,60,300,705,42.6,796,1861,42.8,94,222,42.3,74,187,39.6,168,409,41.1,429,1142,37.6,2008,0.805,1
Charlotte Bobcats,1323,2272,58.2,330,781,42.3,778,2059,37.8,88,271,32.5,109,253,43.1,197,524,37.6,332,912,36.4,2008,0.39,0
Chicago Bulls,1152,2148,53.6,313,806,38.8,1048,2604,40.2,77,184,41.8,48,128,37.5,125,312,40.1,349,980,35.6,2008,0.402,0
Cleveland Cavaliers,1313,2214,59.3,249,717,34.7,822,2220,37,110,280,39.3,102,268,38.1,212,548,38.7,341,988,34.5,2008,0.549,1
Dallas Mavericks,1068,1768,60.4,387,940,41.2,1076,2406,44.7,78,214,36.4,69,191,36.1,147,405,36.3,347,977,35.5,2008,0.622,1
Denver Nuggets,1609,2600,61.9,301,795,37.9,829,2040,40.6,89,228,39,78,184,42.4,167,412,40.5,401,1159,34.6,2008,0.61,1
Detroit Pistons,1074,1760,61,250,632,39.6,1189,2830,42,63,195,32.3,67,166,40.4,130,361,36,356,954,37.3,2008,0.72,1
Golden State Warriors,1706,2785,61.3,286,738,38.8,652,1704,38.3,119,309,38.5,92,237,38.8,211,546,38.6,548,1611,34,2008,0.585,0
Houston Rockets,1268,2151,58.9,368,903,40.8,785,1940,40.5,69,169,40.8,68,192,35.4,137,361,38,445,1331,33.4,2008,0.671,1
Indiana Pacers,1172,1939,60.4,348,869,40,828,2168,38.2,84,200,42,80,201,39.8,164,401,40.9,590,1606,36.7,2008,0.439,0
Los Angeles Clippers,1030,1748,58.9,391,948,41.2,1049,2670,39.3,40,105,38.1,23,64,35.9,63,169,37.3,285,895,31.8,2008,0.28,0
Los Angeles Lakers,1449,2313,62.6,345,810,42.6,793,1944,40.8,93,237,39.2,117,268,43.7,210,505,41.6,451,1232,36.6,2008,0.695,1
Memphis Grizzlies,1356,2243,60.5,448,1041,43,636,1674,38,83,196,42.3,61,171,35.7,144,367,39.2,476,1383,34.4,2008,0.268,0
Miami Heat,1073,1757,61.1,295,802,36.8,949,2406,39.4,77,180,42.8,48,136,35.3,125,316,39.6,366,1044,35.1,2008,0.183,0
Milwaukee Bucks,1295,2329,55.6,406,996,40.8,873,2112,41.3,73,181,40.3,70,170,41.2,143,351,40.7,309,946,32.7,2008,0.317,0
Minnesota Timberwolves,1263,2179,58,510,1184,43.1,863,2195,39.3,50,136,36.8,40,113,35.4,90,249,36.1,350,982,35.6,2008,0.268,0
New Jersey Nets,1276,2283,55.9,229,605,37.9,854,2131,40.1,76,183,41.5,85,199,42.7,161,382,42.1,336,1026,32.7,2008,0.415,0
New Orleans Hornets,1201,1967,61.1,449,1046,42.9,885,2164,40.9,117,258,45.3,97,225,43.1,214,483,44.3,414,1129,36.7,2008,0.683,1
New York Knicks,1360,2467,55.1,359,925,38.8,758,1913,39.6,70,184,38,63,190,33.2,133,374,35.6,356,1057,33.7,2008,0.28,0
Orlando Magic,1359,2154,63.1,354,824,43,545,1396,39,148,369,40.1,148,350,42.3,296,719,41.2,504,1335,37.8,2008,0.634,1
Philadelphia 76ers,1503,2464,61,344,858,40.1,907,2374,38.2,40,122,32.8,59,137,43.1,99,259,38.2,202,670,30.1,2008,0.488,1
Phoenix Suns,1431,2148,66.6,392,857,45.7,876,2014,43.5,116,301,38.5,116,282,41.1,232,583,39.8,461,1175,39.2,2008,0.671,1
Portland Trail Blazers,873,1468,59.5,400,927,43.1,1126,2730,41.2,116,276,42,107,276,38.8,223,552,40.4,312,840,37.1,2008,0.5,0
Sacramento Kings,1321,2227,59.3,342,841,40.7,870,2123,41,74,192,38.5,72,184,39.1,146,376,38.8,364,983,37,2008,0.463,0
San Antonio Spurs,1093,1736,63,386,955,40.4,869,2136,40.7,135,357,37.8,138,334,41.3,273,691,39.5,317,895,35.4,2008,0.683,1
Seattle SuperSonics,1246,2136,58.3,438,1092,40.1,1128,2868,39.3,53,148,35.8,34,83,41,87,231,37.7,226,700,32.3,2008,0.244,0
Toronto Raptors,1129,1880,60.1,277,611,45.3,1169,2777,42.1,94,233,40.3,98,229,42.8,192,462,41.6,378,977,38.7,2008,0.5,1
Utah Jazz,1608,2526,63.7,332,771,43.1,938,2215,42.3,39,104,37.5,47,112,42,86,216,39.8,315,846,37.2,2008,0.659,1
Washington Wizards,1244,2024,61.5,358,927,38.6,810,2132,38,45,135,33.3,74,176,42,119,311,38.3,455,1295,35.1,2008,0.524,1
Atlanta Hawks,1322,2342,56.4,263,679,38.7,906,2316,39.1,54,159,34,49,119,41.2,103,278,37.1,237,749,31.6,2007,0.366,0
Boston Celtics,1237,2193,56.4,361,897,40.2,790,2082,37.9,88,196,44.9,63,165,38.2,151,361,41.8,319,911,35,2007,0.293,0
Charlotte Bobcats,1300,2289,56.8,304,812,37.4,899,2266,39.7,77,233,33,101,230,43.9,178,463,38.4,278,799,34.8,2007,0.402,0
Chicago Bulls,1161,2058,56.4,302,770,39.2,1103,2600,42.4,61,156,39.1,58,130,44.6,119,286,41.6,361,938,38.5,2007,0.598,1
Cleveland Cavaliers,1368,2246,60.9,284,786,36.1,833,2223,37.5,91,254,35.8,89,242,36.8,180,496,36.3,311,895,34.7,2007,0.61,1
Dallas Mavericks,1073,1795,59.8,375,872,43,1029,2375,43.3,101,260,38.8,76,215,35.3,177,475,37.3,356,911,39.1,2007,0.817,1
Denver Nuggets,1625,2599,62.5,288,719,40.1,767,2050,37.4,61,197,31,63,183,34.4,124,380,32.6,360,1041,34.6,2007,0.549,1
Detroit Pistons,1154,1941,59.5,293,704,41.6,1046,2535,41.3,79,234,33.8,76,202,37.6,155,436,35.6,293,855,34.3,2007,0.646,1
Golden State Warriors,1657,2668,62.1,263,719,36.6,642,1695,37.9,154,376,41,110,305,36.1,264,681,38.8,435,1269,34.3,2007,0.512,1
Houston Rockets,1058,1835,57.7,389,926,42,755,1877,40.2,114,295,38.6,95,233,40.8,209,528,39.6,494,1355,36.5,2007,0.634,1
Indiana Pacers,1124,1969,57.1,382,909,42,885,2294,38.6,84,231,36.4,60,166,36.1,144,397,36.3,335,981,34.1,2007,0.427,0
Los Angeles Clippers,1014,1657,61.2,499,1135,44,1051,2621,40.1,34,84,40.5,35,90,38.9,69,174,39.7,247,715,34.5,2007,0.488,0
Los Angeles Lakers,1362,2242,60.7,363,848,42.8,771,1853,41.6,82,209,39.2,77,198,38.9,159,407,39.1,448,1300,34.5,2007,0.512,1
Memphis Grizzlies,1351,2304,58.6,390,901,43.3,759,1883,40.3,55,123,44.7,45,104,43.3,100,227,44.1,398,1116,35.7,2007,0.268,0
Miami Heat,1266,2000,63.3,399,919,43.4,728,1836,39.7,79,221,35.7,76,202,37.6,155,423,36.6,371,1098,33.8,2007,0.537,1
Milwaukee Bucks,1504,2541,59.2,352,813,43.3,741,1891,39.2,72,209,34.4,77,188,41,149,397,37.5,375,1067,35.1,2007,0.341,0
Minnesota Timberwolves,1073,1790,59.9,361,847,42.6,1179,2778,42.4,57,147,38.8,55,148,37.2,112,295,38,271,768,35.3,2007,0.39,0
New Jersey Nets,1259,2169,58,243,571,42.6,803,1966,40.8,93,244,38.1,94,234,40.2,187,478,39.1,421,1184,35.6,2007,0.5,1
New Orleans/Oklahoma City Hornets,1296,2194,59.1,418,1067,39.2,802,2159,37.1,60,145,41.4,50,140,35.7,110,285,38.6,345,961,35.9,2007,0.476,0
New York Knicks,1533,2580,59.4,320,802,39.9,579,1607,36,70,199,35.2,64,171,37.4,134,370,36.2,337,980,34.4,2007,0.402,0
Orlando Magic,1427,2274,62.8,342,845,40.5,766,2012,38.1,49,132,37.1,58,153,37.9,107,285,37.5,233,668,34.9,2007,0.488,1
Philadelphia 76ers,1295,2132,60.7,340,888,38.3,1014,2566,39.5,39,92,42.4,36,95,37.9,75,187,40.1,208,619,33.6,2007,0.427,0
Phoenix Suns,1447,2176,66.5,347,746,46.5,809,1969,41.1,166,354,46.9,117,278,42.1,283,632,44.8,502,1317,38.1,2007,0.744,1
Portland Trail Blazers,1183,2024,58.4,380,906,41.9,888,2234,39.7,104,273,38.1,79,193,40.9,183,466,39.3,240,739,32.5,2007,0.39,0
Sacramento Kings,1190,2007,59.3,387,923,41.9,834,2089,39.9,68,177,38.4,44,140,31.4,112,317,35.3,418,1192,35.1,2007,0.402,0
San Antonio Spurs,1251,1956,64,383,887,43.2,773,1930,40.1,149,364,40.9,98,250,39.2,247,614,40.2,345,932,37,2007,0.707,1
Seattle SuperSonics,1252,2056,60.9,496,1145,43.3,775,1978,39.2,78,208,37.5,47,143,32.9,125,351,35.6,399,1084,36.8,2007,0.378,0
Toronto Raptors,1143,1872,61.1,304,692,43.9,1053,2520,41.8,116,271,42.8,95,231,41.1,211,502,42,320,948,33.8,2007,0.573,1
Utah Jazz,1472,2412,61,297,764,38.9,947,2241,42.3,28,88,31.8,22,86,25.6,50,174,28.7,303,868,34.9,2007,0.622,1
Washington Wizards,1310,2171,60.3,285,721,39.5,912,2313,39.4,57,165,34.5,67,178,37.6,124,343,36.2,438,1264,34.7,2007,0.5,1
Atlanta Hawks,1346,2327,57.8,320,841,38,855,2173,39.3,74,186,39.8,58,151,38.4,132,337,39.2,293,807,36.3,2006,0.317,0
Boston Celtics,1350,2304,58.6,273,677,40.3,864,2054,42.1,49,152,32.2,89,206,43.2,138,358,38.5,324,915,35.4,2006,0.402,0
Charlotte Bobcats,1295,2306,56.2,317,797,39.8,922,2481,37.2,87,204,42.6,80,205,39,167,409,40.8,259,832,31.1,2006,0.317,0
Chicago Bulls,1109,2031,54.6,336,769,43.7,1001,2463,40.6,89,231,38.5,85,208,40.9,174,439,39.6,384,1023,37.5,2006,0.5,1
Cleveland Cavaliers,1424,2353,60.5,261,700,37.3,726,1894,38.3,107,257,41.6,92,296,31.1,199,553,36,298,897,33.2,2006,0.61,1
Dallas Mavericks,1069,1886,56.7,477,1101,43.3,986,2275,43.3,58,141,41.1,53,125,42.4,111,266,41.7,305,828,36.8,2006,0.732,1
Denver Nuggets,1529,2506,61,230,619,37.2,970,2472,39.2,41,140,29.3,70,199,35.2,111,339,32.7,237,716,33.1,2006,0.537,1
Detroit Pistons,1087,1793,60.6,235,589,39.9,1104,2723,40.5,101,261,38.7,82,194,42.3,183,455,40.2,374,994,37.6,2006,0.78,1
Golden State Warriors,1318,2195,60,274,775,35.4,723,1987,36.4,104,268,38.8,86,244,35.2,190,512,37.1,434,1303,33.3,2006,0.415,0
Houston Rockets,1042,1815,57.4,347,850,40.8,852,2178,39.1,69,182,37.9,80,199,40.2,149,381,39.1,318,1019,31.2,2006,0.415,0
Indiana Pacers,1155,1963,58.8,294,753,39,801,2021,39.6,78,207,37.7,64,175,36.6,142,382,37.2,394,1143,34.5,2006,0.5,1
Los Angeles Clippers,979,1667,58.7,652,1345,48.5,1072,2589,41.4,39,105,37.1,35,90,38.9,74,195,37.9,216,633,34.1,2006,0.573,1
Los Angeles Lakers,1236,2076,59.5,377,853,44.2,826,2094,39.4,54,153,35.3,65,158,41.1,119,311,38.3,434,1260,34.4,2006,0.549,1
Memphis Grizzlies,1250,2089,59.8,288,810,35.6,619,1651,37.5,79,209,37.8,110,280,39.3,189,489,38.7,400,1078,37.1,2006,0.598,1
Miami Heat,1497,2264,66.1,406,1004,40.4,640,1649,38.8,97,241,40.2,71,181,39.2,168,422,39.8,327,1000,32.7,2006,0.634,1
Milwaukee Bucks,1336,2362,56.6,321,826,38.9,812,2044,39.7,90,237,38,76,172,44.2,166,409,40.6,341,923,36.9,2006,0.488,1
Minnesota Timberwolves,1114,1868,59.6,317,730,43.4,1148,2803,41,46,105,43.8,33,87,37.9,79,192,41.1,230,728,31.6,2006,0.402,0
New Jersey Nets,1096,1947,56.3,272,707,38.5,934,2222,42,64,192,33.3,88,222,39.6,152,414,36.7,323,1011,31.9,2006,0.598,1
New Orleans/Oklahoma City Hornets,1219,2164,56.3,330,885,37.3,982,2494,39.4,40,120,33.3,43,98,43.9,83,218,38.1,217,659,32.9,2006,0.463,0
New York Knicks,1392,2469,56.4,382,942,40.6,728,1910,38.1,52,136,38.2,83,208,39.9,135,344,39.2,185,525,35.2,2006,0.28,0
Orlando Magic,1356,2296,59.1,300,762,39.4,957,2314,41.4,34,79,43,39,82,47.6,73,161,45.3,225,622,36.2,2006,0.439,0
Philadelphia 76ers,1312,2232,58.8,418,1019,41,897,2267,39.6,50,131,38.2,66,156,42.3,116,287,40.4,258,735,35.1,2006,0.463,0
Phoenix Suns,1233,1877,65.7,301,706,42.6,1060,2488,42.6,139,335,41.5,120,296,40.5,259,631,41,577,1455,39.7,2006,0.659,1
Portland Trail Blazers,1208,2057,58.7,303,806,37.6,917,2362,38.8,67,182,36.8,46,129,35.7,113,311,36.3,249,715,34.8,2006,0.256,0
Sacramento Kings,1176,1888,62.3,320,752,42.6,963,2448,39.3,63,189,33.3,67,174,38.5,130,363,35.8,365,1040,35.1,2006,0.537,1
San Antonio Spurs,1305,2035,64.1,422,1053,40.1,744,1897,39.2,159,351,45.3,85,220,38.6,244,571,42.7,278,778,35.7,2006,0.768,1
Seattle SuperSonics,1193,2010,59.4,439,1013,43.3,840,2059,40.8,84,210,40,63,147,42.9,147,357,41.2,458,1252,36.6,2006,0.427,0
Toronto Raptors,1109,1913,58,349,811,43,949,2299,41.3,115,296,38.9,108,286,37.8,223,582,38.3,382,1021,37.4,2006,0.329,0
Utah Jazz,1290,2222,58.1,250,676,37,892,2389,37.3,20,51,39.2,29,76,38.2,49,127,38.6,262,784,33.4,2006,0.5,0
Washington Wizards,1279,2102,60.8,356,936,38,843,2226,37.9,35,117,29.9,57,145,39.3,92,262,35.1,405,1120,36.2,2006,0.512,1
Atlanta Hawks,1464,2563,57.1,323,909,35.5,851,2227,38.2,37,131,28.2,41,134,30.6,78,265,29.4,226,693,32.6,2005,0.159,0
Boston Celtics,1500,2508,59.8,285,725,39.3,824,2028,40.6,61,156,39.1,82,223,36.8,143,379,37.7,294,859,34.2,2005,0.549,1
Charlotte Bobcats,1151,2025,56.8,362,970,37.3,1129,2986,37.8,51,140,36.4,77,173,44.5,128,313,40.9,191,559,34.2,2005,0.22,0
Chicago Bulls,1126,2012,56,386,1008,38.3,827,2143,38.6,64,167,38.3,72,174,41.4,136,341,39.9,374,1083,34.5,2005,0.573,1
Cleveland Cavaliers,1320,2214,59.6,405,1023,39.6,964,2544,37.9,47,128,36.7,50,143,35,97,271,35.8,204,631,32.3,2005,0.512,0
Dallas Mavericks,1168,1988,58.8,416,955,43.6,1014,2474,41,62,158,39.2,58,159,36.5,120,317,37.9,340,937,36.3,2005,0.707,1
Denver Nuggets,1532,2473,61.9,253,696,36.4,933,2507,37.2,58,140,41.4,58,149,38.9,116,289,40.1,204,627,32.5,2005,0.598,1
Detroit Pistons,1205,2124,56.7,287,720,39.9,997,2526,39.5,71,178,39.9,37,120,30.8,108,298,36.2,254,745,34.1,2005,0.659,1
Golden State Warriors,1246,2079,59.9,291,870,33.4,867,2315,37.5,102,253,40.3,57,195,29.2,159,448,35.5,466,1317,35.4,2005,0.415,0
Houston Rockets,984,1682,58.5,354,823,43,958,2397,40,82,222,36.9,88,215,40.9,170,437,38.9,380,1069,35.5,2005,0.622,1
Indiana Pacers,1024,1814,56.4,292,694,42.1,810,2088,38.8,87,231,37.7,89,207,43,176,438,40.2,366,1125,32.5,2005,0.537,1
Los Angeles Clippers,1164,1986,58.6,471,1083,43.5,1058,2630,40.2,45,118,38.1,39,88,44.3,84,206,40.8,147,450,32.7,2005,0.451,0
Los Angeles Lakers,1260,2255,55.9,326,781,41.7,667,1783,37.4,85,259,32.8,80,214,37.4,165,473,34.9,477,1308,36.5,2005,0.415,0
Memphis Grizzlies,1330,2318,57.4,318,805,39.5,624,1664,37.5,79,208,38,95,261,36.4,174,469,37.1,356,1000,35.6,2005,0.549,1
Miami Heat,1428,2226,64.2,355,840,42.3,839,2045,41,54,147,36.7,71,182,39,125,329,38,349,921,37.9,2005,0.72,1
Milwaukee Bucks,1265,2295,55.1,328,801,40.9,1046,2560,40.9,47,136,34.6,48,120,40,95,256,37.1,230,660,34.8,2005,0.366,0
Minnesota Timberwolves,947,1544,61.3,410,955,42.9,1292,2985,43.3,54,150,36,46,104,44.2,100,254,39.4,296,878,33.7,2005,0.537,0
New Jersey Nets,974,1826,53.3,303,758,40,1041,2633,39.5,60,162,37,73,181,40.3,133,343,38.8,302,847,35.7,2005,0.512,1
New Orleans Hornets,1089,2039,53.4,246,649,37.9,970,2555,38,49,151,32.5,51,155,32.9,100,306,32.7,313,998,31.4,2005,0.22,0
New York Knicks,1192,2055,58,341,853,40,1005,2455,40.9,53,147,36.1,78,184,42.4,131,331,39.6,309,889,34.8,2005,0.402,0
Orlando Magic,1324,2251,58.8,305,774,39.4,1086,2741,39.6,34,93,36.6,39,101,38.6,73,194,37.6,246,712,34.6,2005,0.439,0
Philadelphia 76ers,1299,2241,58,337,862,39.1,805,2182,36.9,91,216,42.1,65,163,39.9,156,379,41.2,349,1066,32.7,2005,0.524,1
Phoenix Suns,1368,2159,63.4,404,921,43.9,783,1915,40.9,131,330,39.7,135,315,42.9,266,645,41.2,529,1356,39,2005,0.756,1
Portland Trail Blazers,1382,2309,59.9,353,920,38.4,745,2036,36.6,37,100,37,62,154,40.3,99,254,39,317,893,35.5,2005,0.329,0
Sacramento Kings,1150,1892,60.8,355,814,43.6,1176,2878,40.9,82,204,40.2,72,166,43.4,154,370,41.6,368,1015,36.3,2005,0.61,1
San Antonio Spurs,1303,2125,61.3,428,1085,39.4,689,1854,37.2,129,334,38.6,108,282,38.3,237,616,38.5,266,762,34.9,2005,0.72,1
Seattle SuperSonics,1144,1974,58,369,883,41.8,704,1819,38.7,104,243,42.8,76,202,37.6,180,445,40.4,485,1357,35.7,2005,0.634,1
Toronto Raptors,1088,1958,55.6,309,754,41,909,2265,40.1,150,369,40.7,125,295,42.4,275,664,41.4,371,1002,37,2005,0.402,0
Utah Jazz,1266,2179,58.1,260,687,37.8,1059,2690,39.4,33,90,36.7,42,108,38.9,75,198,37.9,168,533,31.5,2005,0.317,0
Washington Wizards,1281,2049,62.5,375,1140,32.9,797,2109,37.8,51,180,28.3,52,140,37.1,103,320,32.2,409,1168,35,2005,0.549,1
Atlanta Hawks,1179,2072,56.9,346,934,37,885,2274,38.9,81,210,38.6,56,165,33.9,137,375,36.5,282,872,32.3,2004,0.341,0
Boston Celtics,1161,1992,58.3,280,746,37.5,849,2079,40.8,89,214,41.6,81,218,37.2,170,432,39.4,383,1157,33.1,2004,0.439,1
Chicago Bulls,1050,1983,53,366,927,39.5,952,2587,36.8,56,178,31.5,42,104,40.4,98,282,34.8,331,964,34.3,2004,0.28,0
Cleveland Cavaliers,1309,2321,56.4,408,1092,37.4,958,2553,37.5,35,107,32.7,44,127,34.6,79,234,33.8,168,540,31.1,2004,0.427,0
Dallas Mavericks,1335,2169,61.5,526,1265,41.6,954,2340,40.8,47,138,34.1,48,123,39,95,261,36.4,412,1177,35,2004,0.634,1
Denver Nuggets,1422,2406,59.1,302,818,36.9,938,2552,36.8,26,96,27.1,48,104,46.2,74,200,37,257,777,33.1,2004,0.524,1
Detroit Pistons,1236,2212,55.9,350,921,38,828,2213,37.4,62,148,41.9,42,118,35.6,104,266,39.1,229,695,32.9,2004,0.659,1
Golden State Warriors,1229,1990,61.8,432,1166,37,786,2074,37.9,53,145,36.6,66,186,35.5,119,331,36,308,933,33,2004,0.451,0
Houston Rockets,1010,1715,58.9,340,920,37,874,2157,40.5,92,247,37.2,83,213,39,175,460,38,339,927,36.6,2004,0.549,1
Indiana Pacers,1134,1993,56.9,314,842,37.3,856,2205,38.8,95,245,38.8,67,187,35.8,162,432,37.5,287,842,34.1,2004,0.744,1
Los Angeles Clippers,1317,2313,56.9,424,1068,39.7,747,2175,34.3,22,72,30.6,22,74,29.7,44,146,30.1,285,866,32.9,2004,0.341,0
Los Angeles Lakers,1410,2246,62.8,394,1019,38.7,859,2295,37.4,53,167,31.7,36,112,32.1,89,279,31.9,275,820,33.5,2004,0.683,1
Memphis Grizzlies,1395,2349,59.4,437,1118,39.1,686,1880,36.5,76,221,34.4,50,150,33.3,126,371,34,317,919,34.5,2004,0.61,1
Miami Heat,1111,1999,55.6,334,869,38.4,801,2197,36.5,78,179,43.6,58,144,40.3,136,323,42.1,347,1010,34.4,2004,0.512,1
Milwaukee Bucks,1285,2242,57.3,396,952,41.6,888,2313,38.4,56,160,35,47,153,30.7,103,313,32.9,298,821,36.3,2004,0.5,1
Minnesota Timberwolves,864,1416,61,467,1029,45.4,1378,3231,42.6,55,151,36.4,40,86,46.5,95,237,40.1,229,645,35.5,2004,0.707,1
New Jersey Nets,1308,2167,60.4,280,771,36.3,847,2312,36.6,36,80,45,56,141,39.7,92,221,41.6,284,885,32.1,2004,0.573,1
New Orleans Hornets,1119,1992,56.2,294,797,36.9,828,2151,38.5,67,202,33.2,66,199,33.2,133,401,33.2,397,1252,31.7,2004,0.5,1
New York Knicks,992,1750,56.7,421,1000,42.1,1062,2648,40.1,58,147,39.5,61,161,37.9,119,308,38.6,287,795,36.1,2004,0.476,1
Orlando Magic,995,1823,54.6,378,953,39.7,1103,2746,40.2,56,131,42.7,36,113,31.9,92,244,37.7,336,999,33.6,2004,0.256,0
Philadelphia 76ers,1153,2075,55.6,316,888,35.6,874,2305,37.9,70,188,37.2,52,139,37.4,122,327,37.3,217,658,33,2004,0.402,0
Phoenix Suns,1302,2236,58.2,438,1039,42.2,803,2195,36.6,77,197,39.1,95,216,44,172,413,41.6,243,774,31.4,2004,0.354,0
Portland Trail Blazers,1214,2060,58.9,419,1034,40.5,885,2274,38.9,33,97,34,45,118,38.1,78,215,36.3,302,874,34.6,2004,0.5,0
Sacramento Kings,1219,1955,62.4,288,810,35.6,995,2450,40.6,107,261,41,93,214,43.5,200,475,42.1,401,1008,39.8,2004,0.671,1
San Antonio Spurs,1230,2026,60.7,387,1070,36.2,817,2200,37.1,103,258,39.9,64,169,37.9,167,427,39.1,241,699,34.5,2004,0.695,1
Seattle SuperSonics,1120,1803,62.1,362,894,40.5,735,1960,37.5,107,274,39.1,109,264,41.3,216,538,40.1,506,1376,36.8,2004,0.451,0
Toronto Raptors,940,1646,57.1,303,742,40.8,950,2666,35.6,128,283,45.2,113,309,36.6,241,592,40.7,220,694,31.7,2004,0.402,0
Utah Jazz,1248,2283,54.7,223,604,36.9,968,2508,38.6,33,97,34,34,87,39.1,67,184,36.4,184,585,31.5,2004,0.512,0
Washington Wizards,1255,2124,59.1,327,1047,31.2,743,2117,35.1,68,176,38.6,37,105,35.2,105,281,37.4,329,985,33.4,2004,0.305,0
Atlanta Hawks,1040,1802,57.7,395,1014,39,1023,2479,41.3,64,158,40.5,64,164,39,128,322,39.8,273,808,33.8,2003,0.427,0
Boston Celtics,1121,1895,59.2,292,866,33.7,569,1595,35.7,89,239,37.2,88,273,32.2,177,512,34.6,540,1624,33.3,2003,0.537,1
Chicago Bulls,1319,2235,59,486,1215,40,838,2268,36.9,42,126,33.3,55,141,39,97,267,36.3,251,723,34.7,2003,0.366,0
Cleveland Cavaliers,1279,2238,57.1,336,987,34,943,2627,35.9,41,123,33.3,73,185,39.5,114,308,37,178,565,31.5,2003,0.207,0
Dallas Mavericks,1138,1858,61.2,420,1013,41.5,970,2449,39.6,69,193,35.8,87,220,39.5,156,413,37.8,477,1238,38.5,2003,0.732,1
Denver Nuggets,1135,2044,55.5,405,1140,35.5,920,2538,36.2,35,130,26.9,19,76,25,54,206,26.2,175,608,28.8,2003,0.207,0
Detroit Pistons,969,1731,56,327,765,42.7,871,2293,38,53,167,31.7,87,220,39.5,140,387,36.2,392,1091,35.9,2003,0.61,1
Golden State Warriors,1255,2064,60.8,490,1314,37.3,890,2327,38.2,40,108,37,53,166,31.9,93,274,33.9,333,951,35,2003,0.463,0
Houston Rockets,1216,2032,59.8,361,921,39.2,826,2244,36.8,65,173,37.6,42,138,30.4,107,311,34.4,329,933,35.3,2003,0.524,0
Indiana Pacers,1225,2026,60.5,349,943,37,958,2521,38,49,147,33.3,31,114,27.2,80,261,30.7,299,853,35.1,2003,0.585,1
Los Angeles Clippers,1260,2154,58.5,497,1231,40.4,688,1929,35.7,36,102,35.3,30,88,34.1,66,190,34.7,324,967,33.5,2003,0.329,0
Los Angeles Lakers,1259,1987,63.4,430,1141,37.7,919,2364,38.9,66,179,36.9,52,162,32.1,118,341,34.6,365,1012,36.1,2003,0.61,1
Memphis Grizzlies,1211,1991,60.8,485,1186,40.9,886,2288,38.7,97,236,41.1,45,105,42.9,142,341,41.6,325,924,35.2,2003,0.341,0
Miami Heat,948,1705,55.6,344,905,38,1048,2808,37.3,58,163,35.6,53,147,36.1,111,310,35.8,237,769,30.8,2003,0.305,0
Milwaukee Bucks,1101,1863,59.1,390,913,42.7,969,2369,40.9,92,241,38.2,61,180,33.9,153,421,36.3,432,1091,39.6,2003,0.512,1
Minnesota Timberwolves,1088,1754,62,480,1137,42.2,1309,3115,42,47,124,37.9,26,76,34.2,73,200,36.5,221,596,37.1,2003,0.622,1
New Jersey Nets,1371,2300,59.6,322,868,37.1,868,2382,36.4,35,91,38.5,43,114,37.7,78,205,38,267,819,32.6,2003,0.598,1
New Orleans Hornets,1088,1955,55.7,392,975,40.2,1031,2693,38.3,64,143,44.8,55,139,39.6,119,282,42.2,284,784,36.2,2003,0.573,1
New York Knicks,824,1503,54.8,391,920,42.5,1148,2723,42.2,78,190,41.1,101,243,41.6,179,433,41.3,425,1134,37.5,2003,0.451,0
Orlando Magic,1129,2042,55.3,211,543,38.9,1041,2593,40.1,61,192,31.8,44,118,37.3,105,310,33.9,461,1266,36.4,2003,0.512,1
Philadelphia 76ers,1461,2525,57.9,389,997,39,880,2331,37.8,46,135,34.1,31,91,34.1,77,226,34.1,167,555,30.1,2003,0.585,1
Phoenix Suns,1298,2276,57,387,991,39.1,928,2365,39.2,54,155,34.8,113,264,42.8,167,419,39.9,225,711,31.6,2003,0.537,1
Portland Trail Blazers,1362,2172,62.7,408,977,41.8,840,2197,38.2,43,119,36.1,57,164,34.8,100,283,35.3,277,840,33,2003,0.61,1
Sacramento Kings,1315,2053,64.1,355,915,38.8,1084,2737,39.6,100,237,42.2,107,244,43.9,207,481,43,281,779,36.1,2003,0.72,1
San Antonio Spurs,1357,2195,61.8,425,1027,41.4,679,1805,37.6,94,274,34.3,103,250,41.2,197,524,37.6,250,736,34,2003,0.732,1
Seattle SuperSonics,1084,1802,60.2,395,1035,38.2,953,2472,38.6,65,190,34.2,55,160,34.4,120,350,34.3,335,930,36,2003,0.488,0
Toronto Raptors,1107,1929,57.4,326,849,38.4,1005,2693,37.3,70,183,38.3,59,151,39.1,129,334,38.6,280,849,33,2003,0.293,0
Utah Jazz,1352,2176,62.1,256,713,35.9,1063,2666,39.9,27,66,40.9,24,65,36.9,51,131,38.9,171,493,34.7,2003,0.573,1
Washington Wizards,955,1604,59.5,300,892,33.6,1308,3087,42.4,45,132,34.1,31,102,30.4,76,234,32.5,177,575,30.8,2003,0.451,0
Atlanta Hawks,1306,2271,57.5,328,915,35.8,845,2234,37.8,47,149,31.5,62,170,36.5,109,319,34.2,313,866,36.1,2002,0.402,0
Boston Celtics,1198,2143,55.9,254,748,34,703,1896,37.1,57,183,31.1,84,243,34.6,141,426,33.1,554,1504,36.8,2002,0.598,1
Charlotte Hornets,1189,2084,57.1,359,908,39.5,1001,2596,38.6,25,78,32.1,41,87,47.1,66,165,40,278,819,33.9,2002,0.537,1
Chicago Bulls,1100,1982,55.5,262,715,36.6,1149,2926,39.3,29,87,33.3,21,80,26.3,50,167,29.9,248,691,35.9,2002,0.256,0
Cleveland Cavaliers,1020,1821,56,380,943,40.3,1162,2790,41.6,60,141,42.6,48,114,42.1,108,255,42.4,276,752,36.7,2002,0.354,0
Dallas Mavericks,1212,2007,60.4,411,983,41.8,958,2300,41.7,56,122,45.9,61,153,39.9,117,275,42.5,502,1356,37,2002,0.695,1
Denver Nuggets,1228,2133,57.6,358,967,37,907,2485,36.5,68,219,31.1,70,186,37.6,138,405,34.1,284,863,32.9,2002,0.329,0
Detroit Pistons,1126,1857,60.6,292,696,42,861,2239,38.5,110,268,41,91,232,39.2,201,500,40.2,363,1001,36.3,2002,0.61,1
Golden State Warriors,1405,2319,60.6,481,1431,33.6,792,2244,35.3,31,86,36,38,111,34.2,69,197,35,250,783,31.9,2002,0.256,0
Houston Rockets,1176,2021,58.2,247,697,35.4,920,2434,37.8,77,224,34.4,51,144,35.4,128,368,34.8,365,1093,33.4,2002,0.341,0
Indiana Pacers,1088,1763,61.7,434,1099,39.5,1008,2523,40,84,205,41,51,155,32.9,135,360,37.5,270,824,32.8,2002,0.512,1
Los Angeles Clippers,1136,1836,61.9,641,1550,41.4,786,2136,36.8,28,64,43.8,28,71,39.4,56,135,41.5,351,1002,35,2002,0.476,0
Los Angeles Lakers,1297,1994,65,489,1170,41.8,854,2236,38.2,72,172,41.9,86,207,41.5,158,379,41.7,351,1045,33.6,2002,0.707,1
Memphis Grizzlies,1220,2014,60.6,396,1091,36.3,901,2339,38.5,52,142,36.6,31,105,29.5,83,247,33.6,251,833,30.1,2002,0.28,0
Miami Heat,1014,1617,62.7,341,879,38.8,1133,2986,37.9,65,149,43.6,56,139,40.3,121,288,42,191,593,32.2,2002,0.439,0
Milwaukee Bucks,933,1638,57,422,919,45.9,1094,2440,44.8,103,249,41.4,72,191,37.7,175,440,39.8,417,1121,37.2,2002,0.5,0
Minnesota Timberwolves,1043,1688,61.8,522,1235,42.3,1216,2922,41.6,44,115,38.3,48,114,42.1,92,229,40.2,302,804,37.6,2002,0.61,1
New Jersey Nets,1380,2288,60.3,370,933,39.7,890,2403,37,50,129,38.8,39,111,35.1,89,240,37.1,313,934,33.5,2002,0.634,1
New York Knicks,925,1681,55,427,1010,42.3,991,2485,39.9,58,172,33.7,76,201,37.8,134,373,35.9,339,966,35.1,2002,0.366,0
Orlando Magic,1281,2136,60,279,742,37.6,909,2360,38.5,69,171,40.4,64,150,42.7,133,321,41.4,484,1325,36.5,2002,0.537,1
Philadelphia 76ers,1198,2042,58.7,399,1054,37.9,993,2626,37.8,47,109,43.1,24,69,34.8,71,178,39.9,143,534,26.8,2002,0.524,1
Phoenix Suns,1371,2351,58.3,406,1054,38.5,962,2434,39.5,35,102,34.3,45,149,30.2,80,251,31.9,278,837,33.2,2002,0.439,0
Portland Trail Blazers,1300,2148,60.5,270,770,35.1,971,2438,39.8,48,135,35.6,63,150,42,111,285,38.9,352,1018,34.6,2002,0.598,1
Sacramento Kings,1423,2307,61.7,353,897,39.4,1066,2640,40.4,58,161,36,94,222,42.3,152,383,39.7,273,768,35.5,2002,0.744,1
San Antonio Spurs,1345,2140,62.9,348,910,38.2,781,2106,37.1,95,216,44,105,241,43.6,200,457,43.8,238,741,32.1,2002,0.707,1
Seattle SuperSonics,1239,1998,62,479,1216,39.4,924,2176,42.5,65,196,33.2,65,153,42.5,130,349,37.2,359,934,38.4,2002,0.549,1
Toronto Raptors,1127,1975,57.1,324,821,39.5,1081,2825,38.3,50,120,41.7,51,121,42.1,101,241,41.9,286,847,33.8,2002,0.512,1
Utah Jazz,1434,2508,57.2,218,677,32.2,940,2353,39.9,25,71,35.2,37,112,33,62,183,33.9,215,646,33.3,2002,0.537,1
Washington Wizards,950,1599,59.4,389,1112,35,1293,3167,40.8,30,68,44.1,36,78,46.2,66,146,45.2,240,636,37.7,2002,0.451,0
Atlanta Hawks,1078,1819,59.3,408,1238,33,1057,2675,39.5,27,85,31.8,56,140,40,83,225,36.9,249,701,35.5,2001,0.305,0
Boston Celtics,1163,2158,53.9,298,829,35.9,721,1865,38.7,73,186,39.2,99,252,39.3,172,438,39.3,419,1183,35.4,2001,0.439,0
Charlotte Hornets,1070,1824,58.7,325,852,38.1,1065,2842,37.5,41,98,41.8,33,86,38.4,74,184,40.2,265,790,33.5,2001,0.561,1
Chicago Bulls,1024,1825,56.1,381,1015,37.5,988,2623,37.7,24,66,36.4,24,65,36.9,48,131,36.6,280,812,34.5,2001,0.183,0
Cleveland Cavaliers,1203,2077,57.9,432,1178,36.7,1036,2619,39.6,50,137,36.5,33,96,34.4,83,233,35.6,135,403,33.5,2001,0.366,0
Dallas Mavericks,1152,1818,63.4,456,1185,38.5,960,2356,40.7,41,105,39,79,224,35.3,120,329,36.5,397,1014,39.2,2001,0.646,1
Denver Nuggets,1279,2099,60.9,319,899,35.5,869,2435,35.7,82,217,37.8,87,225,38.7,169,442,38.2,343,997,34.4,2001,0.488,0
Detroit Pistons,1182,2112,56,249,739,33.7,1098,2916,37.7,73,182,40.1,47,137,34.3,120,319,37.6,269,788,34.1,2001,0.39,0
Golden State Warriors,1197,1976,60.6,440,1378,31.9,1018,2859,35.6,37,118,31.4,27,81,33.3,64,199,32.2,217,755,28.7,2001,0.207,0
Houston Rockets,1287,2074,62.1,344,894,38.5,808,2116,38.2,85,212,40.1,56,152,36.8,141,364,38.7,361,1031,35,2001,0.549,0
Indiana Pacers,996,1682,59.2,370,1046,35.4,1067,2544,41.9,80,234,34.2,70,165,42.4,150,399,37.6,245,753,32.5,2001,0.5,1
Los Angeles Clippers,1166,1867,62.5,587,1416,41.5,783,2122,36.9,35,83,42.2,27,86,31.4,62,169,36.7,298,888,33.6,2001,0.378,0
Los Angeles Lakers,1320,2002,65.9,498,1259,39.6,853,2150,39.7,36,99,36.4,48,127,37.8,84,226,37.2,354,1036,34.2,2001,0.683,1
Miami Heat,951,1662,57.2,369,937,39.4,897,2278,39.4,59,156,37.8,57,145,39.3,116,301,38.5,361,1066,33.9,2001,0.61,1
Milwaukee Bucks,942,1604,58.7,431,946,45.6,1178,2767,42.6,95,255,37.3,76,173,43.9,171,428,40,387,1038,37.3,2001,0.634,1
Minnesota Timberwolves,1045,1704,61.3,418,1070,39.1,1363,3194,42.7,53,109,48.6,45,137,32.8,98,246,39.8,224,648,34.6,2001,0.573,1
New Jersey Nets,1240,2161,57.4,330,902,36.6,851,2404,35.4,51,136,37.5,31,100,31,82,236,34.7,277,836,33.1,2001,0.317,0
New York Knicks,1038,1762,58.9,341,915,37.3,986,2407,41,52,124,41.9,58,141,41.1,110,265,41.5,280,840,33.3,2001,0.585,1
Orlando Magic,1210,2121,57,281,745,37.7,1033,2662,38.8,42,107,39.3,43,117,36.8,85,224,37.9,404,1107,36.5,2001,0.524,1
Philadelphia 76ers,1319,1968,67,396,1312,30.2,925,2405,38.5,36,108,33.3,40,89,44.9,76,197,38.6,186,597,31.2,2001,0.683,1
Phoenix Suns,1102,1850,59.6,428,1152,37.2,1082,2702,40,53,158,33.5,41,145,28.3,94,303,31,238,737,32.3,2001,0.622,1
Portland Trail Blazers,1270,2052,61.9,348,883,39.4,1019,2428,42,40,112,35.7,42,127,33.1,82,239,34.3,285,807,35.3,2001,0.61,1
Sacramento Kings,1416,2269,62.4,381,1091,34.9,857,2257,38,59,167,35.3,73,195,37.4,132,362,36.5,344,970,35.5,2001,0.671,1
San Antonio Spurs,1104,1764,62.6,396,1049,37.8,938,2355,39.8,73,149,49,113,237,47.7,186,386,48.2,259,696,37.2,2001,0.707,1
Seattle SuperSonics,1428,2361,60.5,462,1248,37,674,1872,36,66,151,43.7,48,130,36.9,114,281,40.6,351,878,40,2001,0.537,0
Toronto Raptors,1139,1918,59.4,284,773,36.7,1196,3117,38.4,45,133,33.8,62,137,45.3,107,270,39.6,322,879,36.6,2001,0.573,1
Utah Jazz,1410,2295,61.4,327,836,39.1,903,2318,39,51,105,48.6,55,131,42,106,236,44.9,214,597,35.8,2001,0.646,1
Vancouver Grizzlies,986,1645,59.9,372,1005,37,1188,2943,40.4,32,112,28.6,50,147,34,82,259,31.7,242,684,35.4,2001,0.28,0
Washington Wizards,1097,1878,58.4,457,1271,36,1004,2456,40.9,29,89,32.6,39,105,37.1,68,194,35.1,207,651,31.8,2001,0.232,0
Atlanta Hawks,1128,1837,61.4,398,1048,38,1217,3112,39.1,29,62,46.8,21,49,42.9,50,111,45,206,688,29.9,2000,0.341,0
Boston Celtics,1326,2316,57.3,422,1160,36.4,890,2148,41.4,54,146,37,61,182,33.5,115,328,35.1,301,924,32.6,2000,0.427,0
Charlotte Hornets,1219,1985,61.4,361,923,39.1,1018,2631,38.7,40,114,35.1,23,75,30.7,63,189,33.3,274,801,34.2,2000,0.598,1
Chicago Bulls,1076,1957,55,365,985,37.1,785,2206,35.6,25,76,32.9,29,96,30.2,54,172,31.4,285,854,33.4,2000,0.207,0
Cleveland Cavaliers,1327,2301,57.7,332,984,33.7,975,2530,38.5,51,129,39.5,26,65,40,77,194,39.7,266,720,36.9,2000,0.39,0
Dallas Mavericks,1111,1818,61.1,407,1129,36,1161,2777,41.8,73,158,46.2,88,203,43.3,161,361,44.6,354,954,37.1,2000,0.488,0
Denver Nuggets,1336,2154,62,351,956,36.7,901,2405,37.5,56,165,33.9,79,220,35.9,135,385,35.1,333,1001,33.3,2000,0.427,0
Detroit Pistons,1381,2321,59.5,204,565,36.1,1020,2526,40.4,63,155,40.6,62,151,41.1,125,306,40.8,314,910,34.5,2000,0.512,1
Golden State Warriors,1237,2106,58.7,480,1351,35.5,937,2618,35.8,29,93,31.2,56,133,42.1,85,226,37.6,257,834,30.8,2000,0.232,0
Houston Rockets,1498,2373,63.1,286,870,32.9,639,1805,35.4,68,181,37.6,73,187,39,141,368,38.3,437,1238,35.3,2000,0.415,0
Indiana Pacers,988,1570,62.9,469,1138,41.2,1008,2447,41.2,109,252,43.3,87,197,44.2,196,449,43.7,386,1035,37.3,2000,0.683,1
Los Angeles Clippers,1135,1878,60.4,468,1241,37.7,846,2373,35.7,36,114,31.6,33,99,33.3,69,213,32.4,359,1042,34.5,2000,0.183,0
Los Angeles Lakers,1375,2129,64.6,575,1421,40.5,847,2245,37.7,35,112,31.3,30,102,29.4,65,214,30.4,275,821,33.5,2000,0.817,1
Miami Heat,1121,1700,65.9,405,1039,39,1003,2524,39.7,69,169,40.8,79,167,47.3,148,336,44,297,856,34.7,2000,0.634,1
Milwaukee Bucks,1011,1693,59.7,407,921,44.2,1363,3146,43.3,62,158,39.2,78,190,41.1,140,348,40.2,253,699,36.2,2000,0.512,1
Minnesota Timberwolves,1003,1609,62.3,454,1074,42.3,1522,3512,43.3,31,87,35.6,39,108,36.1,70,195,35.9,177,508,34.8,2000,0.61,1
New Jersey Nets,1241,2172,57.1,242,685,35.3,1018,2654,38.4,49,136,36,54,151,35.8,103,287,35.9,375,1075,34.9,2000,0.378,0
New York Knicks,1055,1860,56.7,356,958,37.2,1135,2627,43.2,52,127,40.9,56,155,36.1,108,282,38.3,241,629,38.3,2000,0.61,1
Orlando Magic,1382,2304,60,326,918,35.5,1168,2923,40,25,70,35.7,28,76,36.8,53,146,36.3,239,713,33.5,2000,0.5,0
Philadelphia 76ers,1424,2172,65.6,363,1268,28.6,998,2692,37.1,39,84,46.4,24,54,44.4,63,138,45.7,145,500,29,2000,0.598,1
Phoenix Suns,1354,2179,62.1,372,1004,37.1,923,2379,38.8,57,147,38.8,59,146,40.4,116,293,39.6,328,910,36,2000,0.646,1
Portland Trail Blazers,1303,2089,62.4,335,865,38.7,978,2350,41.6,64,142,45.1,51,153,33.3,115,295,39,290,817,35.5,2000,0.72,1
Sacramento Kings,1349,2138,63.1,510,1253,40.7,884,2245,39.4,58,158,36.7,50,138,36.2,108,296,36.5,425,1335,31.8,2000,0.537,1
San Antonio Spurs,1245,2003,62.2,363,1019,35.6,1012,2490,40.6,66,167,39.5,57,161,35.4,123,328,37.5,209,544,38.4,2000,0.646,1
Seattle SuperSonics,1360,2068,65.8,360,1018,35.4,844,2256,37.4,71,206,34.5,51,144,35.4,122,350,34.9,422,1249,33.8,2000,0.549,1
Toronto Raptors,1015,1767,57.4,271,720,37.6,1270,3227,39.4,67,177,37.9,76,190,40,143,367,39,281,790,35.6,2000,0.549,1
Utah Jazz,1194,1989,60,294,830,35.4,1149,2716,42.3,30,73,41.1,39,98,39.8,69,171,40.4,255,669,38.1,2000,0.671,1
Vancouver Grizzlies,1200,1939,61.9,468,1174,39.9,901,2431,37.1,59,142,41.5,53,145,36.6,112,287,39,211,606,34.8,2000,0.268,0
Washington Wizards,1194,1998,59.8,416,1142,36.4,1066,2653,40.2,42,97,43.3,44,90,48.9,86,187,46,248,700,35.4,2000,0.354,0
Atlanta Hawks,640,1108,57.8,193,584,33,510,1425,35.8,15,42,35.7,4,19,21.1,19,61,31.1,177,573,30.9,1999,0.62,1
Boston Celtics,789,1412,55.9,239,639,37.4,515,1359,37.9,45,113,39.8,27,68,39.7,72,181,39.8,201,569,35.3,1999,0.38,0
Charlotte Hornets,670,1065,62.9,179,480,37.3,554,1438,38.5,62,116,53.4,20,68,29.4,82,184,44.6,186,547,34,1999,0.52,0
Chicago Bulls,646,1169,55.3,189,573,33,527,1484,35.5,17,50,34,16,54,29.6,33,104,31.7,144,504,28.6,1999,0.26,0
Cleveland Cavaliers,710,1289,55.1,156,452,34.5,513,1285,39.9,23,68,33.8,36,74,48.6,59,142,41.5,123,387,31.8,1999,0.44,0
Dallas Mavericks,667,1156,57.7,243,585,41.5,638,1692,37.7,21,60,35,16,49,32.7,37,109,33.9,164,484,33.9,1999,0.38,0
Denver Nuggets,676,1204,56.1,211,528,40,495,1341,36.9,37,100,37,55,132,41.7,92,232,39.7,207,681,30.4,1999,0.28,0
Detroit Pistons,722,1199,60.2,162,445,36.4,528,1393,37.9,28,68,41.2,24,55,43.6,52,123,42.3,196,553,35.4,1999,0.58,1
Golden State Warriors,644,1135,56.7,267,792,33.7,659,1683,39.2,17,53,32.1,26,82,31.7,43,135,31.9,117,421,27.8,1999,0.42,0
Houston Rockets,770,1181,65.2,232,606,38.3,420,1100,38.2,39,86,45.3,26,87,29.9,65,173,37.6,267,734,36.4,1999,0.62,1
Indiana Pacers,579,964,60.1,245,639,38.3,614,1465,41.9,52,123,42.3,29,85,34.1,81,208,38.9,211,584,36.1,1999,0.66,1
Los Angeles Clippers,773,1310,59,285,769,37.1,440,1260,34.9,25,52,48.1,25,71,35.2,50,123,40.7,163,541,30.1,1999,0.18,0
Los Angeles Lakers,859,1342,64,311,762,40.8,430,1145,37.6,19,71,26.8,26,55,47.3,45,126,35.7,196,553,35.4,1999,0.62,1
Miami Heat,638,1041,61.3,193,483,40,502,1247,40.3,27,76,35.5,41,114,36,68,190,35.8,215,602,35.7,1999,0.66,1
Milwaukee Bucks,656,1095,59.9,196,485,40.4,671,1622,41.4,37,97,38.1,31,91,34.1,68,188,36.2,162,425,38.1,1999,0.56,1
Minnesota Timberwolves,612,1136,53.9,241,635,38,864,2148,40.2,14,49,28.6,16,47,34,30,96,31.3,91,304,29.9,1999,0.5,1
New Jersey Nets,751,1354,55.5,149,482,30.9,567,1645,34.5,15,47,31.9,21,55,38.2,36,102,35.3,188,573,32.8,1999,0.32,0
New York Knicks,682,1190,57.3,212,601,35.3,508,1324,38.4,19,60,31.7,21,62,33.9,40,122,32.8,167,463,36.1,1999,0.54,1
Orlando Magic,719,1197,60.1,161,508,31.7,584,1562,37.4,27,58,46.6,12,38,31.6,39,96,40.6,184,569,32.3,1999,0.66,1
Philadelphia 76ers,784,1239,63.3,178,645,27.6,596,1628,36.6,16,36,44.4,13,35,37.1,29,71,40.8,69,297,23.2,1999,0.56,1
Phoenix Suns,702,1138,61.7,221,586,37.7,613,1579,38.8,39,95,41.1,23,66,34.8,62,161,38.5,199,536,37.1,1999,0.54,1
Portland Trail Blazers,716,1193,60,219,608,36,566,1480,38.2,28,63,44.4,40,89,44.9,68,152,44.7,178,519,34.3,1999,0.7,1
Sacramento Kings,929,1448,64.2,302,738,40.9,398,1179,33.8,30,100,30,28,90,31.1,58,190,30.5,231,743,31.1,1999,0.54,1
San Antonio Spurs,813,1314,61.9,222,595,37.3,533,1382,38.6,52,112,46.4,25,67,37.3,77,179,43,95,336,28.3,1999,0.74,1
Seattle SuperSonics,802,1247,64.3,237,699,33.9,409,1134,36.1,40,124,32.3,28,77,36.4,68,201,33.8,240,691,34.7,1999,0.5,0
Toronto Raptors,661,1208,54.7,210,555,37.8,563,1515,37.2,26,87,29.9,34,96,35.4,60,183,32.8,166,472,35.2,1999,0.46,0
Utah Jazz,820,1338,61.3,157,472,33.3,570,1427,39.9,14,27,51.9,20,40,50,34,67,50.7,103,313,32.9,1999,0.74,1
Vancouver Grizzlies,756,1286,58.8,224,704,31.8,515,1397,36.9,14,37,37.8,25,76,32.9,39,113,34.5,109,333,32.7,1999,0.16,0
Washington Wizards,707,1144,61.8,203,558,36.4,678,1689,40.1,14,49,28.6,23,69,33.3,37,118,31.4,143,458,31.2,1999,0.36,0
Atlanta Hawks,1313,2195,59.8,304,829,36.7,936,2317,40.4,19,68,27.9,13,39,33.3,32,107,29.9,300,897,33.4,1998,0.61,1
Boston Celtics,1355,2420,56,340,962,35.3,902,2302,39.2,30,102,29.4,20,60,33.3,50,162,30.9,365,1077,33.9,1998,0.439,0
Charlotte Hornets,1364,2266,60.2,309,850,36.4,950,2326,40.8,42,115,36.5,42,101,41.6,84,216,38.9,261,680,38.4,1998,0.622,1
Chicago Bulls,1326,2190,60.5,270,704,38.4,1162,2952,39.4,21,62,33.9,37,103,35.9,58,165,35.2,248,785,31.6,1998,0.756,1
Cleveland Cavaliers,1320,2226,59.3,350,997,35.1,851,2188,38.9,58,118,49.2,31,85,36.5,89,203,43.8,207,582,35.6,1998,0.573,1
Dallas Mavericks,980,1773,55.3,377,935,40.3,1105,2878,38.4,51,123,41.5,35,102,34.3,86,225,38.2,333,933,35.7,1998,0.244,0
Denver Nuggets,1121,1915,58.5,254,699,36.3,1014,2903,34.9,21,63,33.3,28,79,35.4,49,142,34.5,238,743,32,1998,0.134,0
Detroit Pistons,1333,2145,62.1,307,819,37.5,930,2476,37.6,17,72,23.6,16,59,27.1,33,131,25.2,259,796,32.5,1998,0.451,0
Golden State Warriors,1167,1974,59.1,355,1152,30.8,1133,3060,37,18,61,29.5,16,54,29.6,34,115,29.6,155,572,27.1,1998,0.232,0
Houston Rockets,1271,2034,62.5,343,857,40,774,2000,38.7,46,127,36.2,47,140,33.6,93,267,34.8,465,1347,34.5,1998,0.5,1
Indiana Pacers,1140,1747,65.3,360,968,37.2,1020,2478,41.2,59,146,40.4,23,60,38.3,82,206,39.8,317,813,39,1998,0.707,1
Los Angeles Clippers,1371,2247,61,348,1042,33.4,691,1945,35.5,48,132,36.4,37,102,36.3,85,234,36.3,435,1217,35.7,1998,0.207,0
Los Angeles Lakers,1815,2827,64.2,403,1061,38,434,1238,35.1,62,161,38.5,39,95,41.1,101,256,39.5,392,1146,34.2,1998,0.744,1
Miami Heat,1219,1939,62.9,376,1000,37.6,717,1863,38.5,60,187,32.1,87,211,41.2,147,398,36.9,390,1119,34.9,1998,0.671,1
Milwaukee Bucks,1092,1810,60.3,410,1037,39.5,1168,2854,40.9,26,61,42.6,22,60,36.7,48,121,39.7,199,557,35.7,1998,0.439,0
Minnesota Timberwolves,1224,2069,59.2,393,999,39.3,1239,2914,42.5,34,74,45.9,51,123,41.5,85,197,43.1,216,654,33,1998,0.549,1
New Jersey Nets,1359,2373,57.3,315,892,35.3,1073,2730,39.3,24,81,29.6,25,59,42.4,49,140,35,259,782,33.1,1998,0.524,1
New York Knicks,1188,2053,57.9,238,633,37.6,1056,2590,40.8,41,104,39.4,34,108,31.5,75,212,35.4,307,912,33.7,1998,0.524,1
Orlando Magic,1247,2116,58.9,242,734,33,996,2711,36.7,25,73,34.2,26,73,35.6,51,146,34.9,235,738,31.8,1998,0.5,0
Philadelphia 76ers,1369,2335,58.6,323,954,33.9,902,2313,39,23,69,33.3,19,48,39.6,42,117,35.9,200,683,29.3,1998,0.378,0
Phoenix Suns,1331,2129,62.5,374,905,41.3,1008,2483,40.6,50,131,38.2,46,130,35.4,96,261,36.8,329,923,35.6,1998,0.683,1
Portland Trail Blazers,1385,2249,61.6,425,1109,38.3,786,2083,37.7,21,70,30,17,59,28.8,38,129,29.5,251,820,30.6,1998,0.561,1
Sacramento Kings,1269,2125,59.7,436,1108,39.4,968,2646,36.6,24,60,40,42,99,42.4,66,159,41.5,218,636,34.3,1998,0.329,0
San Antonio Spurs,1426,2345,60.8,351,902,38.9,827,2095,39.5,39,129,30.2,35,91,38.5,74,220,33.6,220,621,35.4,1998,0.683,1
Seattle SuperSonics,1399,2230,62.7,315,847,37.2,726,1832,39.6,66,165,40,66,147,44.9,132,312,42.3,479,1235,38.8,1998,0.744,1
Toronto Raptors,1422,2496,57,327,946,34.6,844,2287,36.9,45,109,41.3,34,88,38.6,79,197,40.1,293,882,33.2,1998,0.195,0
Utah Jazz,1459,2411,60.5,262,648,40.4,1026,2391,42.9,12,39,30.8,29,66,43.9,41,105,39,205,552,37.1,1998,0.756,1
Vancouver Grizzlies,1426,2317,61.5,397,1066,37.2,858,2286,37.5,40,85,47.1,50,113,44.2,90,198,45.5,235,689,34.1,1998,0.232,0
Washington Wizards,1323,2164,61.1,358,1003,35.7,1079,2702,39.9,31,91,34.1,51,134,38.1,82,225,36.4,238,715,33.3,1998,0.512,0
Atlanta Hawks,1204,2217,54.3,237,543,43.6,976,2449,39.9,76,193,39.4,46,111,41.4,122,304,40.1,273,782,34.9,1997,0.683,1
Boston Celtics,1581,3610,43.8,269,563,47.8,932,1954,47.7,52,113,46,59,145,40.7,111,258,43,173,580,29.8,1997,0.183,0
Charlotte Hornets,1353,3059,44.2,207,425,48.7,1160,2274,51,60,93,64.5,48,82,58.5,108,175,61.7,160,405,39.5,1997,0.659,1
Chicago Bulls,1195,2182,54.8,309,660,46.8,1538,3405,45.2,25,64,39.1,38,89,42.7,63,153,41.2,172,521,33,1997,0.841,1
Cleveland Cavaliers,1085,1949,55.7,255,669,38.1,1181,2831,41.7,35,84,41.7,41,123,33.3,76,207,36.7,107,310,34.5,1997,0.512,0
Dallas Mavericks,1268,2249,56.4,335,842,39.8,1007,2736,36.8,42,119,35.3,36,94,38.3,78,213,36.6,123,401,30.7,1997,0.293,0
Denver Nuggets,1067,1998,53.4,375,803,46.7,1168,2981,39.2,53,147,36.1,20,67,29.9,73,214,34.1,250,684,36.5,1997,0.256,0
Detroit Pistons,1142,1957,58.4,287,712,40.3,1001,2388,41.9,62,162,38.3,58,164,35.4,120,326,36.8,277,706,39.2,1997,0.659,1
Golden State Warriors,1270,2198,57.8,398,900,44.2,1127,2854,39.5,27,74,36.5,33,77,42.9,60,151,39.7,141,459,30.7,1997,0.366,0
Houston Rockets,1310,2199,59.6,448,947,47.3,971,2513,38.6,74,181,40.9,40,98,40.8,114,279,40.9,192,534,36,1997,0.695,1
Indiana Pacers,1264,2294,55.1,345,840,41.1,1037,2526,41.1,30,86,34.9,17,54,31.5,47,140,33.6,157,448,35,1997,0.476,0
Los Angeles Clippers,1364,2485,54.9,303,709,42.7,1095,2817,38.9,31,88,35.2,33,53,62.3,64,141,45.4,163,535,30.5,1997,0.439,1
Los Angeles Lakers,1516,2777,54.6,392,892,43.9,781,2082,37.5,49,107,45.8,27,59,45.8,76,166,45.8,253,718,35.2,1997,0.683,1
Miami Heat,1184,2023,58.5,357,913,39.1,937,2384,39.3,67,171,39.2,73,172,42.4,140,343,40.8,203,561,36.2,1997,0.744,1
Milwaukee Bucks,1302,2296,56.7,429,976,44,1014,2401,42.2,17,41,41.5,26,64,40.6,43,105,41,178,517,34.4,1997,0.402,0
Minnesota Timberwolves,1228,2190,56.1,323,756,42.7,1197,2945,40.6,35,86,40.7,26,69,37.7,61,155,39.4,128,380,33.7,1997,0.488,1
New Jersey Nets,1338,2601,51.4,321,868,37,1064,2833,37.6,45,102,44.1,20,68,29.4,65,170,38.2,206,611,33.7,1997,0.317,0
New York Knicks,1255,2298,54.6,311,644,48.3,1094,2637,41.5,26,83,31.3,45,99,45.5,71,182,39,151,457,33,1997,0.695,1
Orlando Magic,1290,2316,55.7,331,815,40.6,957,2609,36.7,67,143,46.9,51,113,45.1,118,256,46.1,143,491,29.1,1997,0.549,1
Philadelphia 76ers,1583,2999,52.8,268,588,45.6,860,2329,36.9,35,66,53,31,78,39.7,66,144,45.8,226,784,28.8,1997,0.268,0
Phoenix Suns,1437,2367,60.7,364,840,43.3,1152,2951,39,50,140,35.7,40,98,40.8,90,238,37.8,99,299,33.1,1997,0.488,1
Portland Trail Blazers,1439,2538,56.7,437,1037,42.1,988,2440,40.5,17,44,38.6,14,42,33.3,31,86,36,105,359,29.2,1997,0.598,1
Sacramento Kings,1195,2189,54.6,425,972,43.7,1218,3002,40.6,44,85,51.8,32,73,43.8,76,158,48.1,86,285,30.2,1997,0.415,0
San Antonio Spurs,1452,2768,52.5,278,656,42.4,923,2405,38.4,34,106,32.1,28,66,42.4,62,172,36,112,390,28.7,1997,0.244,0
Seattle SuperSonics,1602,2827,56.7,276,611,45.2,849,2256,37.6,54,147,36.7,39,107,36.4,93,254,36.6,174,457,38.1,1997,0.695,1
Toronto Raptors,1380,2540,54.3,296,796,37.2,993,2602,38.2,38,119,31.9,35,112,31.3,73,231,31.6,154,453,34,1997,0.366,0
Utah Jazz,1546,2519,61.4,316,662,47.7,1127,2617,43.1,22,45,48.9,26,64,40.6,48,109,44,94,306,30.7,1997,0.78,1
Vancouver Grizzlies,1258,2295,54.8,350,768,45.6,982,2691,36.5,26,93,28,45,115,39.1,71,208,34.1,158,482,32.8,1997,0.171,0
Washington Bullets,1536,2637,58.2,463,969,47.8,979,2384,41.1,21,86,24.4,52,133,39.1,73,219,33.3,157,461,34.1,1997,0.537,1